monthly_rent,billing_day,months_in_property,total_previous_payments,previous_late_payments,previous_unpaid_payments,previous_on_time_payments,average_delay_days,last_payment_delay_days,open_issues_count,high_priority_issues_count,contract_uploaded,is_late
6186,1,8,7,0,3,4,1.42,0,2,2,1,1
4167,2,35,34,1,0,33,6.4,13,1,1,1,1
3025,26,2,1,1,0,0,7.93,13,1,1,1,1
4879,5,27,26,7,3,16,1.4,13,2,2,1,1
4538,8,9,8,5,1,2,4.36,16,0,0,1,1
4586,10,14,13,7,1,5,5.48,1,4,0,1,1
4102,17,24,23,4,3,16,3.32,0,0,0,1,1
3667,15,20,19,5,3,11,5.64,11,4,0,1,1
6448,14,45,44,3,1,40,8.98,14,5,3,1,1
3661,20,46,45,0,3,42,0.32,0,2,1,1,0
6200,21,28,27,2,3,22,3.42,12,5,2,1,1
3969,3,7,6,5,0,1,10.63,7,0,0,0,1
6917,6,45,44,2,2,40,9.84,11,4,3,1,1
4757,25,3,2,1,0,1,4.68,11,4,2,1,0
6294,2,34,33,5,0,28,6.38,6,4,3,1,0
4679,22,36,35,6,2,27,10.2,20,2,0,0,0
5956,27,32,31,7,3,21,8.72,5,2,0,1,1
4144,22,45,44,1,1,42,3.21,20,5,3,1,0
6811,20,46,45,7,1,37,9.21,13,0,0,0,1
5572,9,28,27,7,1,19,3.37,15,5,2,1,1
3290,26,28,27,3,0,24,11.23,17,2,1,1,1
3178,18,38,37,3,2,32,7.72,11,2,2,0,0
6516,22,3,2,1,0,1,4.39,1,4,3,0,1
6052,2,43,42,0,0,42,0.78,0,4,1,1,0
6937,18,12,11,4,0,7,6.19,16,0,0,0,1
5774,23,15,14,7,2,5,6.18,7,1,1,1,1
6300,3,1,0,0,0,0,1.09,0,3,0,1,0
4918,25,29,28,0,2,26,1.15,1,5,0,1,0
4896,16,44,43,0,2,41,0.44,0,4,1,0,0
3406,25,41,40,0,0,40,0.65,1,2,2,1,0
6513,16,16,15,6,0,9,9.53,9,1,1,1,1
4977,20,9,8,3,2,3,5.69,10,4,0,1,1
4539,10,8,7,0,1,6,0.92,0,3,1,1,0
3202,27,22,21,2,0,19,5.55,2,1,0,1,0
5636,26,19,18,4,3,11,6.38,8,4,3,1,1
6317,3,1,0,0,0,0,0.11,1,0,0,1,0
5719,15,15,14,0,2,12,0.5,1,4,0,1,0
4448,5,6,5,1,2,2,6.34,7,0,0,1,0
3101,16,7,6,1,0,5,1.83,6,1,1,1,0
3044,6,26,25,0,2,23,0.04,0,2,0,1,0
3002,3,36,35,6,3,26,6.81,6,3,2,1,1
3152,22,37,36,4,1,31,11.36,13,2,2,1,1
4855,7,38,37,0,2,35,0.89,0,2,2,0,0
6118,26,44,43,0,2,41,0.8,0,3,3,0,1
3203,27,18,17,2,3,12,3.19,17,3,0,1,1
3168,20,1,0,0,0,0,1.23,0,4,0,0,0
6358,23,38,37,4,1,32,11.59,10,5,0,1,1
4662,12,24,23,7,1,15,10.36,17,3,1,1,1
3128,23,38,37,0,0,37,0.96,0,0,0,0,0
4495,16,31,30,4,0,26,5.13,13,1,0,0,1
6897,4,34,33,6,1,26,8.22,12,1,0,1,1
3147,27,31,30,3,2,25,11.03,15,5,2,1,1
6240,23,45,44,4,0,40,10.74,1,0,0,1,1
6025,28,40,39,1,1,37,2.82,14,4,1,0,1
3202,1,38,37,5,1,31,1.46,9,3,2,1,1
4343,10,32,31,6,0,25,6.46,19,0,0,0,1
4457,6,5,4,1,0,3,9.54,4,1,1,1,0
3588,19,10,9,6,1,2,6.15,14,2,2,0,1
5458,2,48,47,7,2,38,6.43,3,4,3,1,1
4663,15,6,5,1,1,3,11.39,11,4,1,1,1
4925,14,38,37,6,0,31,5.34,18,3,2,1,1
6685,26,34,33,3,1,29,9.56,0,4,2,1,1
6773,4,28,27,1,2,24,8.33,15,1,0,1,1
5227,17,12,11,0,1,10,0.12,0,1,1,1,0
3740,19,43,42,4,2,36,9.55,15,0,0,1,1
3702,2,17,16,5,2,9,10.74,0,4,2,1,1
5221,4,48,47,3,3,41,3.2,11,2,0,1,1
5469,7,20,19,3,0,16,5.5,7,3,1,1,0
3752,27,30,29,5,0,24,2.79,5,1,0,1,1
6223,12,1,0,0,0,0,0.76,1,5,1,1,0
4194,25,40,39,4,0,35,1.72,1,5,1,0,0
6775,12,12,11,6,0,5,3.19,4,5,0,1,0
5262,4,15,14,2,2,10,4.37,9,0,0,1,0
6908,3,26,25,5,1,19,3.36,0,4,1,1,1
5354,11,19,18,1,2,15,8.38,7,4,0,1,0
5018,1,34,33,1,0,32,6.89,13,3,0,1,1
4883,13,18,17,0,2,15,0.41,0,3,1,1,0
4447,26,33,32,5,2,25,2.22,3,0,0,1,1
6332,19,2,1,0,0,1,1.26,0,3,2,1,0
5315,1,21,20,6,1,13,5.14,20,4,2,1,1
4985,26,34,33,0,2,31,0.66,0,3,2,0,0
6606,20,27,26,0,0,26,0.67,0,4,0,1,0
3598,1,39,38,1,1,36,8.14,1,5,3,1,1
4981,13,13,12,4,0,8,8.38,10,1,0,1,1
4936,18,35,34,7,2,25,1.37,2,1,1,0,1
4819,13,42,41,5,2,34,9.49,5,3,2,0,1
3535,4,24,23,6,0,17,11.45,9,1,0,1,1
5907,26,5,4,4,0,0,9.27,1,0,0,1,0
6622,2,36,35,0,0,35,0.17,0,0,0,1,0
5493,14,27,26,7,3,16,1.4,11,4,2,1,1
4043,5,18,17,5,2,10,1.47,5,2,1,0,1
4362,23,15,14,3,2,9,3.57,2,1,1,1,0
6488,24,15,14,1,1,12,1.44,9,4,3,1,1
3270,2,42,41,7,2,32,8.05,16,5,1,1,1
4276,24,4,3,0,3,0,1.44,0,2,0,1,0
6074,23,16,15,7,3,5,7.75,8,0,0,1,1
4182,28,27,26,6,3,17,5.96,10,0,0,1,1
4230,4,7,6,2,2,2,9.44,15,5,1,1,1
5569,17,35,34,3,0,31,4.64,8,5,3,1,0
4192,25,36,35,6,3,26,6.42,19,1,1,1,1
4753,17,28,27,0,0,27,1.4,0,4,2,1,0
6009,10,25,24,2,3,19,10.01,0,4,3,1,1
6118,27,35,34,4,0,30,9.72,14,4,2,1,1
5580,26,7,6,6,0,0,7.17,14,5,3,1,1
6973,7,29,28,0,3,25,0.4,0,2,1,1,1
3062,27,39,38,6,3,29,10.77,13,3,2,1,1
5766,16,17,16,5,0,11,2.57,0,0,0,1,1
3864,21,25,24,3,3,18,8.99,13,5,2,1,1
6596,27,33,32,0,2,30,0.69,0,1,1,0,1
5995,17,25,24,5,0,19,7.44,16,2,1,0,1
5768,17,46,45,5,3,37,8.61,16,2,1,1,1
6796,1,34,33,7,1,25,11.95,14,5,1,1,1
6724,14,17,16,4,0,12,1.68,20,1,1,1,0
5892,20,15,14,5,1,8,10.37,18,0,0,0,1
4981,23,19,18,5,0,13,2.08,12,4,0,1,0
3601,5,37,36,7,1,28,9.07,9,4,3,1,1
3088,3,15,14,1,1,12,8.27,3,5,1,0,1
5872,21,17,16,4,2,10,5.32,11,2,2,1,1
6922,26,43,42,2,0,40,8.42,3,0,0,1,0
5583,15,44,43,1,1,41,6.75,0,0,0,0,0
4001,8,3,2,0,1,1,1.1,1,1,1,1,0
4414,4,41,40,0,1,39,1.23,0,0,0,1,0
4092,21,15,14,2,1,11,7.74,14,4,3,1,0
6220,20,13,12,4,3,5,3.75,1,3,2,0,1
3466,13,34,33,3,2,28,9.61,8,2,2,0,1
3439,17,25,24,6,1,17,10.84,9,3,3,0,1
3338,28,22,21,6,1,14,5.24,14,3,3,1,1
3031,8,10,9,1,2,6,6.63,6,5,3,1,1
5435,6,6,5,1,2,2,8.63,15,4,2,1,1
6072,19,35,34,4,0,30,10.35,20,2,0,1,1
6411,16,2,1,0,0,1,0.26,0,2,1,0,1
5374,18,33,32,4,3,25,4.92,14,2,2,1,1
4505,18,34,33,7,0,26,4.06,8,0,0,1,1
4605,5,13,12,3,0,9,6.81,0,3,2,0,0
5698,15,3,2,0,1,1,0.79,0,4,1,1,0
6017,7,44,43,3,0,40,3.59,4,2,2,1,1
4327,20,13,12,7,0,5,2.69,14,4,0,1,1
5963,16,8,7,2,2,3,3.68,7,2,1,1,1
5471,13,30,29,3,0,26,5.14,1,1,1,1,1
4619,3,17,16,5,1,10,1.07,16,4,1,0,1
5139,27,29,28,3,0,25,5.96,11,4,3,0,1
5968,26,6,5,1,2,2,6.4,17,5,1,0,1
3513,13,29,28,4,1,23,9.15,13,1,1,1,0
6785,28,40,39,5,3,31,6.39,6,2,1,1,1
6953,10,1,0,0,0,0,0.13,1,5,1,1,0
5264,11,31,30,2,0,28,9.29,1,2,1,0,1
3247,12,45,44,5,0,39,1.25,15,1,0,1,1
3183,15,6,5,4,1,0,2.63,11,5,2,1,1
5406,17,17,16,3,1,12,10.08,10,1,0,0,0
5121,11,18,17,0,0,17,1.16,1,3,3,0,0
5871,5,29,28,1,3,24,4.67,13,0,0,1,0
6908,24,9,8,1,3,4,8.59,14,2,0,0,1
4475,22,19,18,6,0,12,7.71,13,3,1,1,1
6965,20,14,13,1,1,11,1.39,13,5,0,0,0
3002,23,9,8,2,3,3,11.13,14,2,1,0,1
6886,17,8,7,6,1,0,11.61,4,0,0,1,1
5866,19,29,28,3,3,22,4.8,12,2,2,1,0
5313,15,14,13,4,0,9,3.86,18,2,1,1,1
4957,14,45,44,5,3,36,3.38,14,5,1,1,1
4500,23,12,11,7,0,4,3.4,9,5,2,1,1
3264,19,40,39,6,0,33,3.84,7,5,1,1,1
3574,21,25,24,6,2,16,1.88,13,4,3,1,1
6218,14,21,20,1,1,18,3.14,9,3,0,1,0
4267,8,19,18,0,3,15,0.46,0,2,2,1,1
5553,28,3,2,0,2,0,1.1,0,0,0,1,0
5581,2,25,24,5,3,16,4.42,7,0,0,0,1
3497,12,48,47,5,3,39,11.92,4,5,2,0,1
4659,8,9,8,0,3,5,0.72,0,3,1,1,0
5381,6,38,37,0,2,35,1.01,1,1,1,0,0
5878,6,17,16,6,3,7,2.08,5,2,0,1,1
4803,20,9,8,0,3,5,1.17,0,5,2,1,0
3115,14,14,13,3,0,10,3.46,4,5,2,1,0
5056,17,28,27,4,2,21,8.74,7,4,1,1,0
5811,10,33,32,4,2,26,2.25,20,5,3,1,1
3660,13,18,17,3,3,11,5.1,9,2,1,1,1
6881,21,35,34,5,1,28,8.93,14,0,0,1,1
3368,20,4,3,1,0,2,1.53,1,0,0,0,0
5427,12,47,46,4,1,41,9.85,19,5,3,1,1
5263,16,7,6,5,0,1,9.65,15,1,0,1,1
6195,11,22,21,3,3,15,7.66,13,0,0,1,1
5988,24,10,9,2,2,5,1.43,4,4,1,1,1
5578,28,24,23,3,2,18,5.27,11,3,1,0,1
5617,17,24,23,6,1,16,9.66,15,1,0,0,1
6313,27,16,15,6,3,6,2.64,11,4,2,1,1
3232,22,17,16,1,0,15,11.42,18,0,0,1,0
6782,6,28,27,2,3,22,3.86,4,3,2,1,1
4427,2,43,42,6,3,33,4.3,11,3,1,0,1
4496,9,32,31,0,0,31,0.99,1,4,0,1,0
3849,24,6,5,4,0,1,10.77,16,4,3,1,1
5326,13,5,4,1,2,1,6.82,3,0,0,1,1
6552,16,18,17,5,0,12,9.51,16,4,2,0,1
6513,6,40,39,7,1,31,1.93,8,1,0,1,0
5398,3,36,35,4,0,31,8.92,8,4,3,0,0
3745,2,21,20,2,1,17,6.62,19,2,0,1,0
3737,25,18,17,7,3,7,2.63,15,4,2,1,1
3250,11,7,6,2,3,1,2.08,6,2,1,1,0
5162,13,42,41,6,1,34,4.48,5,5,2,0,1
4474,10,39,38,2,1,35,1.72,1,0,0,1,0
3998,18,24,23,3,1,19,1.5,5,0,0,1,1
4502,16,26,25,5,3,17,4.05,9,2,0,0,1
4420,18,44,43,6,1,36,6.46,4,4,0,1,1
4528,17,47,46,1,3,42,4.4,6,5,0,0,0
4294,26,8,7,6,1,0,2.16,5,0,0,1,1
4366,11,22,21,2,1,18,8.93,5,1,1,0,0
3980,22,46,45,2,2,41,9.25,5,1,0,1,1
3943,16,1,0,0,0,0,0.13,0,5,0,1,0
6762,7,48,47,6,0,41,8.33,7,4,1,1,1
5812,7,9,8,2,0,6,7.23,11,0,0,0,1
5396,25,8,7,1,3,3,9.3,4,1,0,1,1
5178,9,34,33,7,1,25,1.4,9,4,3,1,1
3133,11,42,41,7,0,34,6.76,13,4,3,1,1
4780,9,23,22,2,0,20,3.63,2,4,3,1,0
3333,12,18,17,3,1,13,3.93,8,2,2,1,1
5791,19,3,2,2,0,0,11.85,4,5,0,1,1
5164,2,21,20,3,3,14,11.98,8,2,2,0,1
4236,8,48,47,0,3,44,0.27,0,5,3,1,1
5517,10,14,13,6,0,7,11.61,1,5,0,1,1
4361,10,48,47,2,3,42,9.06,1,3,3,0,1
4930,1,40,39,7,1,31,1.77,3,0,0,1,1
3346,23,1,0,0,0,0,1.35,0,2,0,1,0
3116,16,36,35,5,3,27,10.29,4,1,0,1,1
5454,16,25,24,3,2,19,2.95,1,1,0,1,1
6018,4,34,33,4,0,29,2.97,8,2,1,1,1
6902,16,44,43,7,2,34,10.53,1,0,0,0,1
4324,10,42,41,1,2,38,6.69,19,1,0,1,0
3012,15,2,1,1,0,0,5.8,9,2,2,1,1
4650,20,41,40,4,0,36,3.41,12,3,0,1,0
3447,1,40,39,2,1,36,7.87,18,3,1,0,1
5809,10,1,0,0,0,0,0.09,0,2,0,1,0
4338,19,28,27,1,0,26,10.33,5,5,3,1,0
4393,1,27,26,3,1,22,3.07,18,0,0,1,1
5786,5,28,27,3,1,23,8.39,3,2,1,0,0
4157,4,26,25,2,3,20,8.78,5,5,3,0,1
4822,6,31,30,6,3,21,2.62,10,0,0,0,1
6660,17,8,7,3,0,4,10.25,15,2,0,0,1
4408,19,1,0,0,0,0,1.04,0,4,3,0,0
4747,8,34,33,4,2,27,7.9,10,3,3,1,1
4661,22,29,28,2,3,23,1.94,13,5,1,1,1
5383,2,26,25,0,1,24,1.2,1,3,2,1,0
6889,16,12,11,4,0,7,9.84,1,2,1,1,0
4686,10,9,8,6,1,1,1.86,18,2,0,1,1
4038,15,41,40,6,3,31,11.13,15,5,1,1,1
4490,6,27,26,2,2,22,8.71,6,3,2,1,0
5007,18,27,26,6,3,17,11.89,9,2,2,1,1
4333,22,11,10,6,3,1,7.12,10,0,0,1,1
6522,14,45,44,4,2,38,2.14,17,3,1,1,0
5447,11,25,24,0,0,24,0.86,1,0,0,1,0
5026,15,2,1,1,0,0,11.24,5,4,3,1,1
3041,22,45,44,6,2,36,5.61,3,3,2,1,0
4377,10,2,1,1,0,0,2.72,3,2,0,1,0
4747,11,38,37,1,1,35,2.26,7,3,1,0,0
3217,15,38,37,3,0,34,1.7,4,0,0,1,1
6142,7,3,2,2,0,0,4.3,20,1,0,0,1
3388,24,25,24,1,0,23,4.89,12,0,0,1,0
3239,5,22,21,2,0,19,10.41,11,5,2,1,1
4429,18,34,33,3,2,28,8.15,14,1,1,0,1
5712,6,33,32,3,2,27,4.72,17,2,0,1,1
5248,8,18,17,6,1,10,7.34,7,5,2,1,1
5143,26,43,42,6,3,33,8.0,12,1,1,1,1
5673,23,47,46,3,1,42,8.91,6,4,1,1,0
6433,22,3,2,1,1,0,11.32,4,2,0,0,1
3691,22,15,14,2,3,9,3.37,5,3,2,0,1
4472,2,25,24,1,3,20,9.2,8,2,1,0,0
6736,15,17,16,3,2,11,1.08,11,0,0,1,1
3130,14,15,14,6,2,6,1.82,11,0,0,1,1
4296,24,31,30,1,1,28,11.53,9,1,0,1,1
3690,7,5,4,0,2,2,0.18,1,4,3,1,0
5928,16,7,6,5,1,0,2.94,2,1,0,0,0
5666,7,46,45,4,0,41,3.57,9,1,1,1,1
4053,14,4,3,3,0,0,6.24,3,5,0,1,1
6639,7,14,13,7,1,5,11.51,16,0,0,1,1
4294,18,29,28,1,0,27,2.91,20,0,0,0,0
5949,10,29,28,4,1,23,1.72,0,4,1,1,0
6529,27,47,46,1,2,43,1.85,13,1,1,1,0
6768,7,40,39,1,3,35,7.85,7,4,1,1,1
4365,5,26,25,7,3,15,9.27,10,3,1,0,1
5018,21,46,45,5,3,37,3.19,20,0,0,1,1
5736,23,30,29,7,0,22,5.74,12,1,1,1,1
6802,17,39,38,7,3,28,6.08,19,4,2,1,1
6480,6,31,30,0,3,27,0.13,0,2,2,1,0
5056,28,2,1,0,1,0,0.76,0,2,1,0,1
6408,2,41,40,6,3,31,3.78,16,0,0,0,1
5741,16,44,43,5,2,36,10.54,19,0,0,1,1
6910,2,42,41,6,2,33,9.83,3,2,2,1,1
4457,27,46,45,6,1,38,10.61,20,1,0,1,1
6397,27,17,16,7,3,6,7.42,14,2,1,1,1
5743,21,42,41,2,3,36,9.7,12,3,2,1,1
3022,9,1,0,0,0,0,0.76,0,4,1,1,0
3629,10,35,34,0,1,33,1.02,0,3,2,0,0
5405,2,21,20,3,2,15,4.91,11,1,0,1,0
3833,1,45,44,7,3,34,6.0,5,4,3,1,1
6878,9,47,46,4,1,41,8.6,5,4,3,1,1
6988,18,28,27,1,1,25,5.83,3,3,3,1,0
3865,16,32,31,4,3,24,10.51,1,5,1,1,1
4588,5,12,11,5,1,5,7.78,10,1,0,1,1
3178,22,13,12,3,2,7,2.09,19,0,0,1,0
3228,11,8,7,7,0,0,5.45,16,3,2,1,1
6823,26,39,38,0,1,37,0.59,1,4,1,1,0
6629,4,36,35,1,0,34,11.41,8,0,0,0,0
4932,12,15,14,6,0,8,11.7,17,5,0,1,1
4116,24,8,7,1,2,4,4.44,0,2,0,1,1
4643,1,6,5,0,3,2,1.19,0,2,0,1,0
5230,23,21,20,0,0,20,0.96,0,5,0,1,0
4409,11,14,13,4,0,9,3.16,6,2,1,1,0
5253,21,20,19,6,3,10,3.07,7,2,0,1,1
3181,26,3,2,0,2,0,1.18,0,0,0,1,0
4536,5,11,10,0,1,9,1.14,1,0,0,1,0
3497,28,24,23,6,0,17,2.39,3,0,0,1,0
5885,27,22,21,3,2,16,4.13,0,4,0,1,1
6781,7,7,6,5,0,1,11.6,14,5,1,1,1
3894,10,47,46,4,2,40,5.03,8,3,0,1,0
5275,23,30,29,7,3,19,6.52,11,5,3,1,1
4980,3,24,23,4,0,19,4.26,4,2,0,1,0
3794,23,36,35,0,2,33,0.87,0,3,3,1,0
3606,14,31,30,1,2,27,5.76,17,5,2,0,1
4403,21,7,6,1,2,3,6.59,3,0,0,1,0
5559,26,31,30,0,1,29,1.11,0,1,0,1,0
3493,1,25,24,6,3,15,7.65,9,1,0,0,1
4844,2,36,35,6,2,27,11.18,13,4,3,0,1
3385,13,15,14,7,2,5,1.73,18,1,1,1,1
6367,9,35,34,7,1,26,2.94,6,0,0,1,0
3309,4,15,14,6,0,8,5.03,20,0,0,0,0
6252,5,19,18,2,3,13,9.64,9,1,1,1,1
3008,16,46,45,6,0,39,6.61,0,0,0,1,0
3765,16,30,29,1,3,25,1.69,16,0,0,1,1
5530,18,25,24,2,3,19,7.24,10,4,2,1,1
6315,21,7,6,3,1,2,9.41,1,0,0,1,1
5559,8,46,45,2,3,40,11.66,5,1,1,1,0
5734,21,2,1,1,0,0,2.82,8,5,2,0,1
6666,16,29,28,1,0,27,10.09,20,5,1,1,1
4229,19,37,36,6,2,28,9.65,7,4,0,0,1
3886,9,35,34,2,3,29,5.91,6,1,0,1,0
6821,1,14,13,6,2,5,11.27,1,0,0,0,1
3590,24,2,1,1,0,0,6.73,8,3,2,1,1
6823,9,21,20,6,2,12,8.98,13,5,0,1,1
3912,11,20,19,1,2,16,11.39,2,4,0,1,0
5544,17,47,46,1,1,44,5.37,10,1,1,1,0
3620,24,2,1,0,0,1,0.16,0,2,2,1,0
6675,16,27,26,2,3,21,7.82,18,0,0,1,1
4018,21,4,3,1,1,1,5.53,20,3,3,1,1
4926,1,32,31,4,2,25,11.58,3,3,2,1,1
3177,5,21,20,3,0,17,3.52,10,1,1,1,1
5495,14,11,10,1,2,7,2.28,11,5,2,0,1
5658,7,3,2,1,1,0,8.28,14,2,0,0,0
3597,17,19,18,2,1,15,11.94,17,3,3,1,1
5892,1,42,41,3,0,38,11.16,3,2,0,1,0
5718,1,44,43,2,0,41,4.14,20,0,0,1,1
5771,17,33,32,4,1,27,6.79,6,4,1,0,1
5717,27,26,25,0,3,22,1.21,0,1,0,1,1
6572,1,19,18,5,1,12,3.72,19,3,1,1,1
4945,5,34,33,0,0,33,0.12,0,1,1,1,0
5924,16,44,43,7,1,35,10.39,19,4,3,1,1
5874,6,21,20,7,1,12,8.48,14,5,2,1,1
4283,25,31,30,1,3,26,9.27,7,0,0,0,1
6049,14,17,16,2,1,13,5.86,20,5,0,1,1
3089,23,9,8,6,1,1,3.02,18,4,0,1,1
6907,13,48,47,1,0,46,3.24,12,0,0,1,0
4970,22,32,31,2,3,26,5.62,9,3,3,1,1
4700,20,35,34,1,1,32,10.86,7,1,1,1,0
5798,13,45,44,7,3,34,5.13,20,4,2,0,1
4619,7,43,42,3,2,37,4.17,2,3,2,0,1
6010,25,13,12,1,2,9,4.42,3,3,2,0,1
3290,10,37,36,7,3,26,6.87,11,5,0,1,1
3391,5,16,15,6,2,7,3.82,3,2,0,1,1
5650,4,34,33,3,1,29,1.95,8,4,2,1,0
5525,6,30,29,4,0,25,1.3,18,2,2,1,1
6728,16,20,19,1,3,15,4.44,0,1,1,0,1
5253,13,23,22,6,1,15,6.09,1,4,3,0,1
4826,1,17,16,0,1,15,0.63,1,1,0,1,0
4446,21,37,36,6,2,28,1.16,9,3,0,1,1
4994,26,9,8,5,1,2,2.61,16,1,1,1,1
5207,5,26,25,0,2,23,0.5,0,5,2,0,1
3474,15,44,43,2,0,41,7.1,18,2,1,1,1
5357,17,21,20,4,1,15,7.38,6,3,3,1,1
6121,12,15,14,7,3,4,2.06,4,0,0,1,1
6542,24,34,33,4,1,28,4.51,14,0,0,0,1
4089,9,34,33,4,0,29,4.82,12,3,1,1,0
6144,14,15,14,6,2,6,8.94,2,5,0,1,1
5187,27,17,16,3,1,12,2.0,12,3,2,1,0
6976,1,42,41,3,1,37,6.29,3,4,0,0,0
6705,27,17,16,7,0,9,6.9,15,1,1,1,1
6042,17,12,11,5,2,4,10.21,4,0,0,0,1
4036,26,29,28,4,3,21,10.94,16,3,1,0,1
6629,28,40,39,0,3,36,1.19,1,1,1,1,0
6389,11,31,30,2,3,25,3.81,5,5,0,1,0
6055,1,7,6,0,3,3,0.68,1,0,0,0,1
5239,18,22,21,3,3,15,6.73,14,1,0,1,1
3662,28,7,6,6,0,0,7.19,20,5,0,1,1
6070,10,24,23,4,0,19,10.47,7,3,0,1,1
3295,17,20,19,4,1,14,2.49,2,3,3,0,0
6150,21,22,21,3,0,18,5.23,5,2,1,0,0
5716,18,1,0,0,0,0,0.16,0,2,0,1,0
4105,14,31,30,7,2,21,7.27,14,4,3,0,1
3130,19,21,20,2,3,15,8.13,18,1,1,1,1
4173,6,28,27,7,2,18,4.07,0,2,2,0,1
5934,17,41,40,0,3,37,0.66,0,4,2,1,1
3005,27,15,14,7,3,4,10.31,12,3,2,1,1
3006,7,5,4,3,1,0,7.11,5,1,0,1,1
6463,3,46,45,5,1,39,10.9,6,1,1,1,1
5652,6,8,7,2,0,5,8.59,13,5,1,1,1
6869,18,20,19,3,2,14,2.89,19,5,3,0,1
3240,7,25,24,5,1,18,8.59,1,3,2,1,1
4550,25,17,16,4,1,11,7.91,6,1,1,1,1
6571,25,20,19,1,0,18,4.23,7,5,2,1,0
6889,12,27,26,1,1,24,7.04,3,3,3,1,0
3251,14,11,10,5,2,3,2.98,14,3,0,1,1
5375,20,29,28,4,1,23,11.75,14,1,1,0,1
5443,10,19,18,1,0,17,2.98,14,3,2,1,1
4508,19,48,47,5,2,40,9.9,16,3,0,0,1
4218,14,43,42,5,3,34,5.77,20,1,1,1,1
3474,25,34,33,0,0,33,0.7,0,0,0,0,0
3010,9,13,12,7,1,4,7.19,16,4,1,1,1
3926,5,30,29,2,1,26,8.38,10,4,3,0,1
5251,18,35,34,5,3,26,10.37,12,5,2,1,1
4363,19,43,42,7,1,34,9.19,15,2,1,1,1
6927,4,38,37,6,1,30,9.62,10,3,0,1,1
3910,8,11,10,2,1,7,8.5,14,1,1,1,1
3638,18,10,9,7,0,2,9.97,19,0,0,1,1
6816,3,28,27,0,2,25,0.28,1,5,1,1,0
6698,24,45,44,5,2,37,9.33,2,0,0,1,1
3517,12,27,26,5,2,19,2.82,1,2,1,0,1
6787,15,19,18,6,0,12,1.74,1,0,0,0,1
6990,3,3,2,2,0,0,5.02,14,1,0,1,1
3738,12,14,13,2,1,10,4.04,12,4,1,1,1
4155,3,43,42,5,2,35,1.68,18,5,3,0,1
4670,10,21,20,5,1,14,6.36,13,3,0,1,1
4730,2,11,10,3,2,5,11.22,2,2,1,1,1
4819,4,41,40,7,1,32,9.88,10,1,1,1,1
4974,10,30,29,0,2,27,1.03,0,0,0,1,0
6791,7,16,15,0,0,15,0.28,0,5,0,1,0
4182,26,29,28,1,1,26,2.77,11,0,0,1,0
5262,9,45,44,1,2,41,11.53,3,2,2,1,0
4828,22,3,2,0,1,1,0.61,0,3,2,1,0
6986,17,31,30,3,2,25,8.96,3,4,3,1,1
3847,28,29,28,5,2,21,8.01,17,0,0,1,1
3564,6,40,39,3,2,34,11.18,4,2,2,0,1
6858,26,1,0,0,0,0,1.42,0,2,0,1,0
4081,13,21,20,5,1,14,1.54,12,3,1,0,1
5110,1,2,1,0,0,1,0.98,0,4,3,1,0
5400,14,32,31,7,3,21,11.76,5,1,1,1,1
6257,7,22,21,7,1,13,1.47,12,2,0,1,0
6192,16,46,45,7,0,38,4.55,8,2,1,1,1
3134,14,34,33,2,0,31,11.53,12,2,0,1,0
5051,4,19,18,0,3,15,1.41,0,4,1,0,0
6647,27,23,22,6,3,13,7.54,15,0,0,0,1
5826,27,23,22,0,1,21,0.85,0,4,2,1,0
5823,2,33,32,1,0,31,11.52,2,0,0,1,0
3711,14,46,45,0,1,44,0.22,0,3,0,1,0
3960,13,6,5,4,1,0,9.16,12,5,1,1,1
5056,18,41,40,2,1,37,7.76,1,0,0,1,0
5399,26,16,15,5,0,10,4.99,20,5,0,1,1
4535,14,35,34,5,0,29,6.87,1,5,1,1,0
4571,24,4,3,0,0,3,0.17,0,0,0,1,1
6527,15,39,38,7,1,30,7.11,11,2,2,0,1
5821,1,4,3,2,1,0,5.89,10,0,0,0,1
4763,1,39,38,6,3,29,7.15,19,1,1,1,1
3854,20,19,18,4,3,11,11.66,17,5,2,0,1
4595,11,33,32,4,2,26,5.69,1,1,1,1,1
4081,23,27,26,3,1,22,9.15,15,0,0,1,1
6960,20,6,5,0,0,5,1.01,1,4,3,1,0
3069,1,5,4,2,0,2,2.7,0,1,0,1,0
6780,26,27,26,6,2,18,2.94,16,1,0,1,0
4456,5,20,19,7,2,10,2.38,11,4,2,0,0
6727,23,25,24,4,3,17,6.61,14,2,0,1,1
3889,4,7,6,2,0,4,8.79,16,5,2,0,1
3975,16,26,25,6,3,16,10.6,15,5,1,1,1
4534,17,43,42,3,3,36,7.09,4,1,0,1,1
3042,28,15,14,7,2,5,8.32,18,1,1,1,1
5297,8,29,28,1,2,25,5.25,13,4,2,1,0
5195,16,7,6,6,0,0,3.37,6,0,0,1,1
6428,10,31,30,3,0,27,5.22,6,4,1,1,1
3556,12,27,26,7,0,19,10.83,14,4,3,0,1
4226,26,30,29,6,2,21,8.79,18,3,3,0,1
6430,17,20,19,6,0,13,11.1,0,4,0,0,1
4058,19,32,31,1,1,29,2.15,17,2,0,1,1
3925,27,43,42,7,3,32,8.11,5,3,0,0,1
5802,11,18,17,0,1,16,1.1,0,2,2,1,0
3759,27,23,22,2,1,19,1.53,13,1,0,0,1
4536,19,16,15,2,1,12,3.03,3,2,0,0,1
4664,8,40,39,1,3,35,1.83,6,5,3,1,1
3228,22,17,16,2,0,14,4.37,2,3,3,1,0
3164,25,37,36,3,0,33,6.45,15,1,1,1,0
4473,23,22,21,2,3,16,4.68,5,0,0,1,0
3786,24,16,15,2,3,10,8.44,13,4,1,0,1
5524,21,6,5,1,0,4,10.68,3,3,3,1,1
5724,9,43,42,4,3,35,7.63,18,0,0,1,1
3565,10,1,0,0,0,0,0.3,0,1,1,1,0
3169,28,11,10,6,1,3,2.51,1,5,2,0,1
4371,18,39,38,1,3,34,5.32,18,0,0,0,1
3524,8,34,33,2,1,30,11.6,20,4,3,1,1
6601,1,25,24,0,0,24,0.16,0,0,0,1,0
4099,15,40,39,4,0,35,3.98,9,0,0,1,0
5116,6,34,33,2,3,28,9.64,14,0,0,1,1
4689,27,22,21,1,2,18,11.56,9,3,3,1,1
5768,21,35,34,1,3,30,3.69,8,1,1,1,0
6167,14,28,27,1,2,24,9.32,20,3,0,0,1
4973,6,20,19,6,1,12,8.73,17,4,0,0,1
3224,7,40,39,4,3,32,10.69,14,2,0,1,1
5452,5,36,35,2,0,33,4.02,9,5,1,1,1
3542,9,35,34,0,0,34,0.21,0,2,0,0,0
4915,13,47,46,3,1,42,9.18,14,0,0,1,1
3109,25,23,22,6,3,13,7.26,7,5,0,1,1
4398,18,9,8,4,3,1,1.17,7,4,2,1,1
4041,8,45,44,3,1,40,8.28,15,4,2,0,1
3253,16,42,41,6,1,34,9.74,1,4,0,1,1
5420,22,8,7,5,2,0,1.98,0,4,0,1,1
3926,24,22,21,6,3,12,11.67,0,2,0,0,1
6918,28,30,29,0,1,28,0.77,0,5,1,1,0
3366,21,38,37,4,3,30,6.21,9,4,2,0,1
4235,22,8,7,7,0,0,6.82,1,2,2,1,1
4668,9,46,45,6,3,36,10.04,14,5,3,0,1
5892,22,9,8,4,0,4,2.84,19,2,2,0,1
3689,26,9,8,3,3,2,6.93,1,4,0,1,1
3396,21,21,20,3,0,17,4.93,4,4,3,1,1
3223,18,21,20,4,1,15,1.06,1,0,0,1,0
4332,1,19,18,5,0,13,8.61,1,1,0,1,1
5112,9,45,44,1,1,42,6.5,3,0,0,1,1
6903,5,42,41,5,3,33,8.51,6,4,2,0,1
6763,12,20,19,6,2,11,5.54,10,4,2,1,1
3426,25,35,34,3,3,28,11.09,18,0,0,1,1
5875,10,10,9,1,3,5,6.6,6,0,0,1,1
4980,6,45,44,1,1,42,7.35,11,5,0,1,1
6570,16,3,2,1,0,1,6.82,9,3,2,1,1
3800,22,6,5,5,0,0,3.27,4,4,0,1,1
5786,14,28,27,0,0,27,1.12,1,0,0,1,1
6945,17,32,31,5,2,24,1.78,12,2,2,0,1
3245,12,23,22,1,1,20,11.0,18,3,0,1,1
4765,2,46,45,7,3,35,11.31,1,3,1,1,1
3671,21,11,10,5,0,5,6.01,17,3,0,1,1
5949,6,43,42,7,2,33,1.44,15,2,0,1,1
3016,19,9,8,3,3,2,1.33,13,3,0,1,1
5267,20,7,6,0,1,5,0.52,1,1,0,0,0
4336,25,46,45,7,1,37,10.39,14,5,1,1,1
4488,18,29,28,4,2,22,1.52,1,0,0,1,0
4462,24,47,46,3,3,40,8.04,2,4,2,1,0
3069,10,3,2,1,0,1,2.96,1,3,2,1,0
5953,27,40,39,4,2,33,11.48,12,3,3,1,1
4324,3,7,6,4,1,1,8.41,6,1,0,0,1
3581,6,13,12,6,0,6,6.9,1,4,3,1,0
5900,23,47,46,1,3,42,7.39,13,2,2,1,1
3239,15,21,20,1,0,19,9.72,20,4,2,1,0
3448,4,17,16,6,2,8,2.72,3,5,0,1,1
5842,17,45,44,5,3,36,5.86,5,5,2,1,1
5199,10,2,1,1,0,0,5.31,15,5,0,1,1
5784,8,34,33,6,0,27,2.87,7,4,0,1,1
3029,15,11,10,6,2,2,1.97,3,5,1,0,1
5141,15,39,38,6,0,32,3.83,10,0,0,1,0
5448,10,16,15,2,0,13,10.66,12,2,2,1,0
6128,14,19,18,1,1,16,2.43,8,2,1,0,0
5943,26,42,41,3,1,37,10.55,5,4,3,1,0
4393,28,2,1,1,0,0,4.24,19,3,0,0,1
6462,17,4,3,0,1,2,0.31,0,0,0,1,0
4700,6,2,1,0,1,0,1.05,1,4,0,1,0
6383,19,2,1,0,1,0,0.61,0,4,1,1,1
4176,14,21,20,0,2,18,0.33,0,2,0,1,0
5339,21,40,39,0,3,36,0.65,0,4,0,0,0
4678,6,29,28,1,2,25,4.55,0,4,2,1,0
3520,16,34,33,6,1,26,11.76,17,2,2,1,1
4106,16,4,3,1,0,2,4.94,10,5,2,1,1
6004,10,14,13,5,1,7,11.7,6,5,0,1,1
5867,5,48,47,1,0,46,8.41,19,4,0,0,1
3839,12,7,6,3,1,2,7.69,2,5,0,0,1
4749,19,27,26,3,0,23,8.49,6,5,0,1,0
3337,20,25,24,1,3,20,7.58,2,3,3,1,1
5128,22,36,35,7,2,26,2.66,19,0,0,1,1
5547,18,12,11,7,1,3,5.24,2,2,2,1,1
6798,16,36,35,7,1,27,10.92,12,2,2,0,1
6606,28,32,31,5,0,26,10.99,3,4,2,0,1
3800,17,33,32,0,1,31,0.4,0,0,0,1,0
4822,27,48,47,3,2,42,6.02,20,1,1,1,1
6230,15,21,20,1,1,18,8.12,9,4,0,0,0
6571,13,28,27,6,1,20,4.03,6,1,0,1,1
6679,4,26,25,7,3,15,10.86,11,5,0,0,1
4626,28,22,21,5,3,13,6.25,17,5,3,1,1
6141,23,32,31,2,1,28,8.54,15,1,0,1,0
3614,10,48,47,6,0,41,8.82,0,2,0,1,1
5324,22,2,1,0,0,1,0.81,0,0,0,1,0
4422,14,5,4,1,0,3,11.72,0,4,0,1,0
3404,26,14,13,3,1,9,2.3,18,3,0,1,1
3527,12,2,1,0,0,1,1.41,0,5,2,1,0
3077,7,12,11,7,1,3,11.22,5,1,0,1,1
3198,14,29,28,2,3,23,6.89,0,3,2,1,1
5206,9,8,7,0,2,5,0.31,0,2,0,1,0
4784,6,35,34,3,3,28,4.78,18,0,0,0,1
4554,11,46,45,6,0,39,5.42,1,0,0,1,1
6979,12,30,29,3,1,25,7.14,4,3,3,1,1
5109,14,19,18,1,0,17,10.81,9,2,1,1,1
3464,6,26,25,0,3,22,0.2,0,2,0,0,0
3245,24,34,33,0,0,33,0.49,1,5,3,0,0
6197,23,19,18,7,0,11,1.06,11,2,0,1,1
5517,23,5,4,4,0,0,9.08,3,5,1,0,1
5696,11,34,33,6,3,24,9.73,13,3,1,1,1
5072,19,30,29,2,3,24,4.42,19,2,2,0,0
6057,5,11,10,7,1,2,10.3,19,4,2,1,1
5115,17,15,14,3,2,9,8.64,3,0,0,1,1
3655,16,6,5,5,0,0,1.61,13,3,1,0,0
6294,2,25,24,6,0,18,3.01,9,3,1,1,1
3503,10,46,45,7,3,35,6.09,1,2,0,1,1
4010,24,45,44,1,0,43,2.88,13,5,0,0,1
4534,7,22,21,1,3,17,7.2,7,0,0,1,0
4529,13,41,40,3,3,34,8.95,6,0,0,1,1
4510,27,23,22,6,0,16,1.42,3,1,0,0,0
5331,11,47,46,2,0,44,2.4,9,3,3,1,1
4561,24,41,40,5,0,35,5.94,9,0,0,1,0
6073,5,26,25,3,0,22,5.93,6,5,3,1,1
5184,22,6,5,0,0,5,0.21,0,5,2,0,1
3824,16,42,41,2,0,39,5.79,1,5,3,1,0
6178,15,10,9,3,1,5,2.25,14,5,1,0,1
5455,14,41,40,5,0,35,8.43,19,2,0,0,1
5787,24,26,25,4,0,21,6.27,13,5,0,1,0
3415,14,45,44,6,2,36,4.94,17,2,0,1,1
6225,12,7,6,3,0,3,3.99,13,1,0,0,1
4288,26,19,18,6,2,10,4.27,7,2,0,1,1
5810,1,5,4,1,3,0,10.51,12,0,0,0,1
6037,25,12,11,2,3,6,7.43,5,2,1,1,1
4441,6,40,39,6,3,30,8.05,13,5,3,1,1
5446,4,42,41,4,3,34,5.16,16,1,1,0,1
4033,9,38,37,7,1,29,11.72,20,4,1,1,0
6544,21,26,25,4,3,18,8.6,16,4,2,1,1
4328,3,11,10,3,2,5,8.3,15,0,0,1,1
3288,28,36,35,4,2,29,7.54,6,0,0,0,1
3572,12,5,4,2,1,1,5.86,0,0,0,0,1
6640,7,25,24,4,0,20,7.11,2,1,1,1,1
4527,2,12,11,7,1,3,2.29,19,1,0,1,1
3579,21,44,43,0,2,41,0.1,0,0,0,1,0
4458,7,36,35,2,1,32,9.03,3,4,2,1,1
3403,4,36,35,0,0,35,0.49,1,3,1,0,0
6904,27,43,42,3,0,39,3.59,9,4,3,1,0
4175,10,40,39,2,2,35,3.57,0,4,0,1,1
5402,4,13,12,2,0,10,5.57,2,4,2,1,1
3101,9,2,1,0,1,0,1.27,0,4,3,1,1
5471,10,42,41,7,1,33,7.62,0,0,0,1,1
3811,18,2,1,0,0,1,1.35,0,5,0,1,1
3135,14,7,6,2,0,4,2.87,16,4,3,0,1
4235,12,38,37,1,0,36,8.92,15,3,2,1,1
4545,15,48,47,2,3,42,4.91,12,0,0,1,1
3463,27,1,0,0,0,0,1.27,0,2,0,1,0
5004,4,37,36,6,3,27,4.51,18,3,1,1,1
5161,4,27,26,4,1,21,1.54,9,4,1,1,0
5431,1,17,16,7,0,9,6.14,11,1,1,1,1
3227,23,48,47,2,2,43,6.25,1,1,0,1,1
3964,2,25,24,6,1,17,8.19,5,0,0,1,0
5872,10,31,30,3,2,25,5.35,16,2,0,1,1
5977,5,21,20,3,0,17,1.87,13,4,1,1,0
6922,3,28,27,3,0,24,6.14,12,5,2,1,1
3287,4,1,0,0,0,0,0.26,0,2,0,1,0
4441,19,1,0,0,0,0,0.38,0,1,1,1,1
4514,18,20,19,2,3,14,3.03,10,1,0,1,0
5894,9,27,26,4,2,20,10.93,0,5,3,1,1
5607,11,45,44,1,1,42,7.0,20,4,1,1,1
3614,27,23,22,7,1,14,9.86,20,3,0,1,1
5628,8,48,47,1,2,44,2.63,0,3,2,1,0
4764,16,45,44,6,0,38,2.52,17,4,0,1,1
4335,6,38,37,5,1,31,9.86,9,5,2,0,1
3140,12,6,5,0,3,2,0.42,0,1,0,1,0
5498,17,35,34,0,3,31,1.29,0,3,2,0,1
6159,18,45,44,1,1,42,1.64,2,4,3,1,1
3553,28,38,37,7,1,29,5.54,17,1,0,1,1
4691,5,40,39,6,2,31,1.31,17,5,1,0,1
3746,9,33,32,3,2,27,3.59,8,0,0,1,0
5161,6,40,39,6,0,33,6.52,8,3,1,1,1
3698,2,48,47,0,3,44,1.34,0,4,2,1,1
3313,3,1,0,0,0,0,1.47,1,4,1,0,1
5216,10,45,44,6,1,37,7.89,3,5,0,1,1
5578,20,40,39,5,0,34,8.73,14,2,2,1,1
3808,7,33,32,6,1,25,6.08,9,0,0,1,1
6750,3,8,7,4,2,1,9.72,12,3,0,1,1
6762,4,20,19,1,3,15,9.36,2,0,0,0,0
6901,22,7,6,1,1,4,9.63,13,3,2,1,1
4164,8,10,9,2,2,5,6.3,5,0,0,1,0
5195,7,12,11,6,2,3,4.8,6,3,3,1,1
3912,14,37,36,5,3,28,11.05,6,4,3,1,1
5768,9,2,1,1,0,0,4.91,7,5,2,1,0
6896,3,24,23,6,1,16,5.18,9,5,3,1,1
3341,4,45,44,3,2,39,4.01,3,1,0,1,1
3128,8,38,37,2,2,33,7.46,20,0,0,1,1
6510,2,31,30,5,0,25,3.13,17,4,0,1,1
4457,15,28,27,3,1,23,4.69,16,2,2,0,1
4872,5,36,35,2,2,31,3.38,17,1,1,0,0
6886,1,32,31,0,0,31,0.24,0,1,1,1,0
5149,16,35,34,6,3,25,1.98,4,3,0,1,1
4786,13,26,25,6,2,17,6.31,2,2,2,1,1
3277,1,20,19,2,3,14,4.75,13,2,2,1,0
6449,22,20,19,3,0,16,2.74,2,2,2,1,0
6885,15,24,23,0,0,23,1.32,0,2,1,1,0
3691,17,1,0,0,0,0,0.05,0,5,1,1,0
5459,13,1,0,0,0,0,0.31,0,0,0,0,1
5292,16,27,26,0,3,23,1.08,0,2,0,0,1
5414,13,32,31,3,1,27,6.53,8,1,0,1,1
4708,8,5,4,1,0,3,1.49,1,2,0,0,0
3372,26,19,18,1,2,15,10.98,14,4,0,1,1
4728,19,37,36,5,0,31,5.06,19,5,0,1,1
5166,1,13,12,3,2,7,9.66,14,1,1,1,1
4918,7,24,23,3,1,19,3.71,13,3,0,0,1
4705,22,41,40,4,3,33,7.31,8,1,1,1,1
3090,18,13,12,4,1,7,1.61,9,2,2,1,0
5460,26,7,6,5,1,0,7.41,8,5,3,1,1
6243,27,44,43,3,1,39,6.26,13,2,0,1,0
6091,22,3,2,1,0,1,6.14,18,5,0,1,1
5225,2,8,7,2,0,5,9.73,20,0,0,1,0
3160,2,2,1,1,0,0,10.17,16,1,0,1,1
5605,23,34,33,7,3,23,3.93,11,2,0,1,1
4164,12,36,35,2,0,33,9.25,19,1,1,1,1
5798,26,6,5,1,0,4,6.58,7,5,2,1,1
5438,3,26,25,4,3,18,11.27,13,0,0,1,1
3409,19,23,22,7,3,12,8.84,8,0,0,1,1
6278,17,16,15,1,2,12,11.89,7,4,1,0,1
3461,24,10,9,0,1,8,0.39,1,1,0,1,0
5750,9,41,40,2,2,36,10.59,19,2,2,1,1
5228,28,18,17,4,3,10,3.42,5,3,1,1,1
3654,17,14,13,0,2,11,0.69,0,4,3,0,1
3999,18,35,34,0,2,32,1.17,0,1,0,0,0
5538,18,23,22,3,3,16,2.35,12,2,2,1,1
3524,9,31,30,7,3,20,7.13,8,4,2,1,1
4004,2,6,5,3,0,2,4.03,0,2,1,1,0
4873,18,11,10,3,0,7,2.03,1,1,0,1,0
5255,23,32,31,1,1,29,7.51,7,0,0,1,0
4943,17,48,47,3,0,44,11.26,1,3,0,1,0
5957,12,4,3,1,2,0,7.84,9,4,2,1,1
3055,8,5,4,2,0,2,9.3,15,1,0,1,1
4225,19,1,0,0,0,0,0.15,0,1,0,0,0
6212,6,39,38,1,0,37,2.44,7,3,1,1,0
4217,21,35,34,1,0,33,5.19,5,3,2,1,1
5214,2,28,27,2,1,24,2.41,5,2,1,0,1
4302,2,44,43,5,1,37,3.67,1,5,2,1,0
3902,21,22,21,6,3,12,11.44,10,3,3,0,1
3948,19,17,16,3,1,12,11.33,3,0,0,1,0
4001,27,42,41,3,3,35,1.5,16,0,0,1,1
4671,5,42,41,2,1,38,5.57,19,1,1,0,1
6215,6,28,27,7,1,19,4.11,13,3,1,1,1
4735,7,17,16,7,3,6,5.6,7,3,1,1,1
3313,8,4,3,3,0,0,10.71,8,4,1,0,1
6963,20,22,21,3,3,15,6.79,11,1,0,1,1
6962,21,32,31,3,1,27,4.98,12,1,1,1,1
5079,18,19,18,1,0,17,1.82,6,5,1,1,0
3057,22,12,11,2,0,9,11.7,19,0,0,1,1
4616,3,14,13,6,3,4,8.64,18,1,0,0,1
4344,11,10,9,1,3,5,4.52,14,3,0,1,1
3527,22,9,8,1,0,7,8.47,5,5,3,1,0
5361,28,37,36,6,0,30,2.61,6,0,0,1,0
6438,12,14,13,7,3,3,11.87,9,2,2,1,1
6789,26,20,19,4,3,12,5.37,6,0,0,1,1
3169,12,23,22,0,2,20,0.97,0,1,0,1,1
4858,17,15,14,4,2,8,6.87,16,0,0,1,1
5884,20,36,35,6,1,28,5.02,4,2,1,0,1
6077,26,11,10,6,0,4,4.99,7,0,0,1,1
4405,3,33,32,6,0,26,4.12,20,3,2,1,1
3254,28,24,23,6,2,15,5.54,20,1,1,1,1
4350,18,17,16,5,3,8,1.25,15,0,0,0,0
5119,14,12,11,5,2,4,11.06,5,0,0,1,1
5164,27,42,41,5,1,35,1.78,13,1,0,0,1
4531,28,27,26,7,0,19,9.25,19,2,1,0,1
4812,4,1,0,0,0,0,1.46,1,5,2,0,0
5259,3,3,2,2,0,0,7.8,3,1,0,0,0
6927,7,31,30,1,3,26,7.64,20,0,0,1,1
6181,4,32,31,1,0,30,2.62,13,3,0,1,0
3994,7,12,11,1,0,10,8.08,7,1,1,1,0
6096,12,18,17,1,2,14,7.8,7,0,0,1,1
3611,23,44,43,2,0,41,7.97,0,0,0,1,0
5234,8,10,9,1,3,5,1.3,16,5,2,0,1
3547,4,45,44,4,1,39,6.6,3,1,0,0,1
5777,1,13,12,5,1,6,9.31,17,0,0,0,1
5564,4,18,17,7,2,8,2.97,6,0,0,1,1
6342,2,1,0,0,0,0,0.25,0,0,0,1,0
3541,8,39,38,3,0,35,7.93,5,3,2,1,1
3709,15,28,27,0,1,26,0.93,1,0,0,1,0
4051,2,42,41,5,1,35,8.64,17,0,0,1,0
6561,26,7,6,3,0,3,11.96,8,1,1,1,1
3662,26,7,6,0,1,5,1.34,0,3,2,0,0
3504,22,15,14,7,3,4,6.51,1,4,1,1,1
4094,16,40,39,6,3,30,9.88,15,5,3,0,1
3484,23,13,12,4,1,7,2.9,7,2,0,1,0
6657,17,8,7,4,3,0,1.67,20,0,0,1,1
5968,1,45,44,2,2,40,1.85,1,4,3,1,0
6052,18,48,47,5,2,40,11.12,11,4,2,1,1
4628,28,35,34,5,2,27,10.82,20,0,0,1,1
6214,17,7,6,0,0,6,0.92,0,0,0,1,0
4836,2,44,43,1,0,42,7.33,10,3,0,1,1
3373,11,1,0,0,0,0,0.0,1,3,3,1,0
4715,16,45,44,1,3,40,3.53,17,1,1,1,0
6469,13,41,40,0,2,38,1.05,0,1,0,1,0
5069,9,32,31,3,0,28,6.71,1,5,1,1,0
3265,1,34,33,3,0,30,10.38,18,0,0,0,1
5751,11,48,47,6,2,39,2.56,9,3,1,0,1
4152,12,40,39,7,2,30,10.2,1,1,1,1,1
3516,4,34,33,7,3,23,5.07,9,3,0,1,1
6372,14,5,4,2,1,1,8.15,9,2,0,0,1
5513,17,23,22,3,1,18,4.5,8,0,0,0,1
4998,2,35,34,3,3,28,6.39,20,0,0,0,1
3855,16,47,46,1,1,44,6.9,1,2,2,1,1
3272,26,30,29,7,2,20,6.85,18,0,0,1,1
3059,1,4,3,3,0,0,2.29,2,3,1,0,0
4867,26,32,31,2,3,26,8.74,8,1,1,0,1
6013,16,11,10,7,1,2,4.66,15,5,1,1,1
6554,13,34,33,5,0,28,7.31,5,3,2,1,1
5174,4,23,22,2,3,17,1.59,16,0,0,0,0
3565,10,38,37,6,3,28,4.52,5,4,3,1,0
5525,26,17,16,7,1,8,10.6,14,3,1,1,1
3903,23,32,31,3,3,25,1.39,13,3,0,1,1
5909,28,9,8,4,3,1,6.87,16,5,3,0,1
6727,7,29,28,1,2,25,5.32,7,1,1,0,1
6038,16,22,21,1,3,17,9.3,2,2,1,1,0
6619,2,18,17,4,1,12,1.17,4,4,1,1,1
4411,15,4,3,2,0,1,10.64,14,3,3,1,1
3984,24,46,45,3,2,40,5.3,3,3,1,1,0
3294,27,38,37,3,0,34,6.53,20,1,1,0,1
4819,3,7,6,1,2,3,5.51,7,5,1,1,1
4950,19,37,36,3,2,31,9.15,17,3,0,1,1
4907,15,27,26,4,1,21,3.95,7,1,1,1,0
5977,21,9,8,5,2,1,10.55,14,3,3,1,1
5902,26,37,36,0,0,36,1.43,0,4,3,1,0
3289,6,3,2,0,1,1,0.3,1,2,1,0,0
6860,10,15,14,2,1,11,10.57,1,2,2,1,1
5477,22,19,18,1,2,15,10.97,13,2,0,1,1
3719,15,31,30,4,2,24,2.28,4,4,1,0,1
4723,7,39,38,5,3,30,6.6,0,4,0,1,1
4073,27,48,47,4,2,41,6.0,12,1,0,0,0
4882,19,7,6,4,0,2,8.24,1,4,1,1,1
4275,23,44,43,3,0,40,1.2,20,2,1,1,1
4829,17,19,18,0,3,15,0.17,1,1,0,1,0
6080,1,41,40,1,2,37,5.97,13,3,0,1,1
6789,17,2,1,0,1,0,1.15,0,1,0,1,0
4332,18,8,7,6,0,1,1.26,5,2,2,1,1
4327,13,36,35,0,1,34,1.34,1,1,1,0,1
6492,17,33,32,4,2,26,11.26,2,1,0,0,1
6807,26,27,26,1,0,25,10.89,16,1,1,1,0
5294,12,36,35,2,0,33,10.43,8,3,1,0,1
4447,15,30,29,3,1,25,9.97,7,2,0,0,1
5691,10,42,41,6,2,33,1.83,3,4,0,1,1
5902,22,6,5,2,2,1,3.09,7,1,0,1,1
6392,18,25,24,2,0,22,5.69,3,0,0,1,0
6359,2,25,24,6,3,15,10.72,0,2,1,1,1
4990,22,48,47,5,0,42,8.94,1,3,0,1,0
4208,23,7,6,2,1,3,8.52,0,0,0,1,1
4968,14,48,47,6,1,40,6.05,3,0,0,1,1
4129,8,33,32,1,0,31,9.73,14,2,0,1,1
4300,24,41,40,0,3,37,1.28,0,3,3,1,1
3760,4,40,39,0,2,37,1.18,0,4,3,1,0
6139,2,40,39,5,2,32,2.2,3,2,2,1,0
5945,4,3,2,1,0,1,8.64,20,1,1,1,1
3046,15,30,29,4,2,23,3.88,7,2,2,1,1
6219,8,31,30,7,2,21,10.71,2,5,1,1,1
3804,20,38,37,1,3,33,6.2,2,1,1,0,1
5666,5,44,43,2,2,39,3.38,10,0,0,1,1
6641,25,16,15,2,1,12,8.18,13,5,3,1,1
3786,22,37,36,4,3,29,9.74,11,3,3,0,1
6375,17,6,5,5,0,0,1.44,10,5,1,0,1
3462,16,38,37,3,0,34,10.01,14,3,3,1,1
5054,22,6,5,2,2,1,7.36,19,5,2,1,1
4359,10,3,2,2,0,0,4.03,19,4,3,1,0
5831,4,37,36,3,2,31,5.79,18,5,1,1,1
5846,25,38,37,0,3,34,0.46,0,3,1,0,0
4888,9,44,43,4,3,36,7.9,12,0,0,1,1
5257,8,7,6,0,3,3,0.17,1,3,2,1,1
3764,1,2,1,1,0,0,7.94,0,1,1,1,0
3513,1,41,40,2,0,38,6.42,12,2,0,1,0
6291,10,11,10,6,0,4,6.35,7,3,2,1,1
6031,8,13,12,7,3,2,10.97,5,5,3,1,0
5787,2,38,37,6,1,30,3.14,16,0,0,0,1
5859,1,41,40,4,0,36,10.32,19,1,0,1,0
6385,16,40,39,7,2,30,8.52,15,0,0,0,1
6119,25,26,25,1,1,23,5.04,19,1,0,1,1
6302,23,40,39,6,2,31,4.71,0,5,3,1,1
6327,17,3,2,2,0,0,5.18,13,2,1,0,1
3115,11,21,20,2,3,15,5.56,14,4,3,1,1
6031,8,25,24,6,0,18,9.42,0,0,0,1,1
4428,12,11,10,3,1,6,6.52,1,1,0,1,0
6425,10,16,15,2,0,13,10.81,19,4,0,1,0
6138,6,3,2,0,0,2,0.45,1,1,1,1,0
3378,7,48,47,2,1,44,8.65,6,0,0,1,0
3624,17,24,23,3,2,18,10.9,19,0,0,1,1
5657,9,32,31,6,0,25,7.01,16,4,3,1,1
5874,23,28,27,1,3,23,6.16,13,1,1,1,1
4448,1,43,42,1,3,38,10.61,2,2,1,1,1
4668,7,13,12,1,3,8,11.38,5,5,1,1,1
3834,11,16,15,2,0,13,7.5,8,2,1,1,0
4349,19,18,17,7,1,9,1.45,20,2,1,1,1
6975,24,45,44,5,1,38,5.83,6,5,0,1,0
3153,28,3,2,0,2,0,1.13,0,3,2,0,1
3635,7,1,0,0,0,0,1.23,0,4,2,1,1
3371,27,10,9,1,3,5,5.07,19,2,0,1,1
4279,13,30,29,4,3,22,5.06,14,2,1,1,1
6332,24,11,10,4,2,4,3.55,19,2,2,1,1
3239,23,4,3,0,0,3,0.35,0,1,0,1,0
5201,12,39,38,5,0,33,4.06,10,0,0,0,1
3533,26,41,40,6,1,33,1.94,6,2,2,1,1
3401,5,39,38,3,2,33,9.76,17,4,1,1,1
6880,18,25,24,5,2,17,8.65,20,4,2,1,1
5317,20,14,13,1,1,11,11.52,1,1,1,1,1
6177,18,35,34,2,0,32,6.23,16,5,1,1,1
6369,11,10,9,7,0,2,7.72,5,5,3,1,1
4496,12,6,5,1,1,3,9.86,7,4,2,1,1
3183,21,16,15,6,0,9,4.31,10,1,0,1,1
3960,5,37,36,0,1,35,0.24,0,2,2,1,0
3893,28,27,26,6,3,17,1.99,14,3,3,1,1
6690,2,9,8,3,2,3,3.72,12,2,2,0,1
6855,25,32,31,5,3,23,6.2,19,1,0,1,1
4569,3,39,38,0,2,36,0.84,0,1,0,1,0
4704,27,30,29,4,1,24,5.23,7,0,0,1,0
3390,28,28,27,2,0,25,6.53,1,2,1,1,1
6952,26,36,35,6,0,29,3.67,0,3,1,0,1
6370,21,20,19,7,3,9,3.46,8,5,1,1,1
4186,1,9,8,3,0,5,3.58,12,3,3,1,1
5448,15,41,40,1,0,39,9.54,9,4,0,1,1
5748,27,44,43,0,0,43,0.22,0,5,1,1,0
6921,16,20,19,1,3,15,2.45,8,1,1,1,1
4122,3,26,25,1,3,21,8.43,18,5,0,1,1
3060,26,35,34,4,2,28,1.72,2,5,2,1,1
3777,28,32,31,5,1,25,11.87,1,3,3,1,1
6888,5,34,33,0,1,32,0.83,0,5,0,0,0
4350,17,36,35,6,3,26,3.77,2,1,1,1,0
4426,15,37,36,4,3,29,7.45,12,3,1,1,1
3234,12,48,47,7,3,37,1.86,3,2,1,1,1
3780,23,8,7,7,0,0,8.31,5,4,3,1,1
6707,28,23,22,1,3,18,2.45,18,3,0,1,1
3912,16,32,31,4,0,27,9.54,2,1,0,1,0
6095,21,37,36,5,3,28,6.95,11,4,1,1,1
3559,9,8,7,4,3,0,10.92,9,1,1,1,1
4914,11,16,15,1,3,11,7.33,6,1,0,0,0
3107,6,4,3,0,2,1,0.07,1,3,0,0,1
5830,13,44,43,2,3,38,11.46,0,3,2,0,1
4254,13,47,46,7,0,39,11.81,7,3,1,1,1
5044,24,29,28,1,0,27,5.22,10,5,3,1,0
6139,19,48,47,0,0,47,0.19,0,1,0,0,0
4564,28,32,31,5,1,25,3.84,12,1,0,0,1
4971,17,14,13,3,1,9,3.29,16,5,1,0,1
5541,24,10,9,5,0,4,10.4,20,5,0,1,1
4289,15,8,7,7,0,0,11.2,18,1,0,1,1
6253,1,25,24,2,0,22,3.58,9,3,1,1,0
6487,20,9,8,4,3,1,3.85,11,3,3,0,1
4840,22,24,23,4,2,17,3.55,2,0,0,1,1
4540,1,6,5,5,0,0,6.67,2,3,3,1,0
5090,19,3,2,2,0,0,5.79,0,4,2,0,1
6917,14,28,27,0,3,24,1.23,0,5,0,1,1
3025,26,6,5,2,1,2,9.56,5,0,0,1,1
4534,18,31,30,5,1,24,4.63,13,0,0,1,0
3262,4,42,41,2,1,38,8.66,15,3,3,1,1
6522,16,48,47,2,2,43,1.11,13,0,0,1,0
3192,8,34,33,6,1,26,10.74,16,5,3,1,1
4904,4,20,19,2,0,17,10.04,1,0,0,1,0
4612,16,44,43,0,2,41,0.46,0,2,2,1,0
4212,10,23,22,7,1,14,9.55,1,2,1,1,1
4495,8,10,9,3,2,4,10.69,10,5,3,1,1
6409,28,8,7,4,0,3,11.79,4,2,0,1,0
3796,9,3,2,0,0,2,0.58,0,5,1,1,1
4676,7,45,44,6,2,36,5.34,7,5,3,1,1
6489,23,35,34,3,2,29,1.48,11,4,1,1,1
6673,7,13,12,7,3,2,3.39,8,1,1,1,1
5318,13,45,44,5,2,37,4.25,4,5,2,0,1
3038,5,35,34,7,3,24,4.94,18,1,0,1,1
4083,7,18,17,7,3,7,7.71,18,2,0,0,1
6166,17,25,24,2,2,20,9.66,6,2,2,0,1
4594,28,3,2,0,1,1,0.48,0,3,2,0,0
5594,17,8,7,3,0,4,7.23,17,0,0,1,0
5888,7,29,28,0,0,28,0.73,1,3,3,0,1
5162,7,13,12,4,1,7,7.84,19,3,0,1,1
6208,9,5,4,3,0,1,8.9,5,2,0,1,1
4119,13,31,30,7,0,23,4.92,15,5,1,1,1
6528,24,8,7,5,1,1,11.28,8,3,2,1,1
4945,11,15,14,4,2,8,1.99,19,3,0,1,1
4978,27,39,38,2,1,35,6.09,8,2,1,0,0
3834,12,5,4,1,0,3,9.17,0,4,1,1,1
6078,1,10,9,0,0,9,0.35,0,4,1,1,0
4657,28,43,42,1,1,40,3.22,19,5,1,0,1
5754,18,5,4,2,1,1,8.56,17,0,0,1,0
6599,25,28,27,1,1,25,5.85,20,4,2,0,1
6835,3,1,0,0,0,0,1.5,0,5,0,0,0
3344,25,20,19,2,1,16,11.91,2,5,0,1,0
5476,27,35,34,1,2,31,6.12,1,0,0,1,1
4725,10,34,33,4,0,29,5.57,6,5,1,1,0
6656,11,10,9,3,2,4,4.23,11,3,3,1,1
4656,2,6,5,2,1,2,10.87,8,2,0,1,0
6028,4,39,38,0,0,38,0.62,0,4,2,1,0
3573,26,14,13,0,0,13,0.05,1,4,0,0,0
4771,28,17,16,2,0,14,10.26,17,2,2,0,1
6834,8,43,42,1,2,39,5.3,9,3,2,1,1
4552,3,17,16,3,2,11,8.18,20,2,2,1,1
3272,26,2,1,1,0,0,9.8,1,0,0,0,0
5219,26,43,42,6,3,33,7.59,9,0,0,1,1
5145,27,36,35,5,2,28,4.55,15,3,2,0,1
3463,11,45,44,1,0,43,3.91,11,0,0,1,0
6163,16,13,12,1,3,8,6.1,10,4,1,0,0
3369,17,47,46,4,0,42,10.87,19,1,0,1,1
6118,9,15,14,0,0,14,1.13,0,1,1,1,0
6953,20,46,45,5,3,37,5.67,8,4,1,1,1
4167,20,39,38,7,0,31,5.39,1,3,2,1,1
4427,13,9,8,3,2,3,5.61,8,1,0,1,0
6605,4,11,10,5,1,4,4.29,15,3,1,1,1
3298,9,1,0,0,0,0,0.9,0,4,1,1,0
6863,21,35,34,0,1,33,0.14,0,3,2,1,0
4410,22,2,1,0,0,1,0.6,1,5,3,1,0
3199,10,46,45,2,3,40,6.49,2,3,3,1,1
3431,11,28,27,3,1,23,1.69,5,3,1,1,0
3994,24,42,41,1,3,37,6.37,6,5,0,1,0
6395,26,22,21,3,1,17,4.91,5,1,0,0,0
5386,8,17,16,1,1,14,9.66,19,4,2,1,1
3598,18,17,16,6,1,9,7.49,6,2,1,0,1
5240,13,34,33,1,2,30,7.22,17,5,2,1,1
6037,10,13,12,3,2,7,1.73,17,2,0,0,1
4273,15,40,39,7,1,31,8.47,15,5,1,1,1
4928,11,25,24,3,0,21,7.76,20,2,0,1,0
3540,26,29,28,2,1,25,8.74,14,1,1,1,0
4414,6,15,14,5,1,8,7.39,20,5,0,1,1
6032,10,26,25,0,1,24,1.26,0,5,0,1,0
4163,10,24,23,4,2,17,7.5,4,2,1,1,1
6597,19,34,33,2,0,31,11.0,4,4,3,1,1
6977,9,46,45,0,2,43,0.54,0,1,0,0,0
5330,18,35,34,4,3,27,11.68,11,0,0,1,1
5827,14,26,25,2,1,22,3.62,7,4,2,1,0
6441,2,18,17,3,0,14,1.91,10,0,0,0,1
3781,28,44,43,2,0,41,8.0,6,5,2,0,0
4753,10,48,47,0,1,46,1.36,1,1,1,1,0
3144,5,45,44,4,1,39,2.46,19,5,2,1,1
4971,17,6,5,5,0,0,6.36,9,4,0,1,1
4068,2,34,33,4,1,28,8.51,14,4,0,1,1
4069,19,12,11,4,2,5,1.34,3,3,2,1,0
6317,27,3,2,1,0,1,8.39,6,3,3,1,0
5842,25,31,30,0,3,27,0.04,0,0,0,1,0
4003,2,27,26,6,3,17,8.78,9,3,0,1,1
3368,3,22,21,1,3,17,11.59,6,3,0,1,1
4518,6,1,0,0,0,0,0.16,0,5,1,1,0
4102,27,40,39,4,2,33,4.82,10,2,1,1,1
5610,2,48,47,6,3,38,2.61,20,2,0,1,1
4891,2,1,0,0,0,0,1.17,0,5,2,1,0
6988,16,17,16,2,2,12,9.58,5,4,0,1,1
4452,17,43,42,7,3,32,7.0,11,0,0,0,1
4853,25,16,15,2,0,13,9.22,14,4,2,0,1
4369,21,5,4,0,0,4,1.07,0,2,0,1,0
4180,15,17,16,5,2,9,10.18,19,2,2,1,1
5545,9,44,43,1,1,41,4.9,19,2,0,1,0
3138,21,23,22,7,0,15,8.14,6,5,0,1,1
5511,4,48,47,7,0,40,1.31,6,0,0,1,1
3263,15,11,10,7,2,1,5.78,10,5,2,1,1
3731,12,16,15,5,1,9,5.7,10,5,0,1,1
5936,19,34,33,2,2,29,2.06,7,1,1,1,1
5036,7,48,47,4,1,42,3.55,6,1,0,0,1
5411,19,15,14,4,2,8,1.45,17,2,2,1,1
3692,1,35,34,2,2,30,3.31,3,0,0,0,1
3771,22,35,34,6,2,26,4.98,9,2,0,0,1
6099,27,31,30,5,1,24,10.0,9,1,1,1,1
4292,10,13,12,0,0,12,0.01,0,1,1,0,0
4821,25,17,16,7,3,6,9.5,17,0,0,1,1
4560,2,27,26,2,3,21,5.49,7,1,0,1,1
4775,14,22,21,7,2,12,3.33,19,3,2,1,1
6272,17,42,41,0,2,39,0.7,0,1,0,0,0
6917,1,36,35,6,2,27,7.94,1,2,0,1,1
3862,16,36,35,2,0,33,2.23,9,5,2,1,1
4891,2,39,38,0,3,35,0.65,0,5,2,1,0
3175,4,47,46,0,3,43,0.47,0,0,0,1,0
6295,21,12,11,5,3,3,3.28,1,4,0,1,1
5388,21,44,43,2,3,38,9.08,9,2,0,1,1
5961,13,45,44,3,2,39,6.54,0,2,2,1,1
6945,20,5,4,2,0,2,8.87,1,3,3,0,1
6268,24,21,20,7,2,11,9.24,20,2,2,1,1
3755,10,39,38,1,1,36,3.89,12,4,0,1,0
3140,27,32,31,6,1,24,3.26,14,1,1,1,0
3605,28,12,11,5,0,6,8.31,4,0,0,1,1
4552,2,4,3,2,1,0,6.96,8,1,0,1,1
5025,23,7,6,6,0,0,1.95,11,3,0,1,1
5590,12,37,36,0,3,33,0.64,0,1,0,1,0
3961,19,48,47,5,3,39,11.47,12,4,1,0,1
3887,14,1,0,0,0,0,1.0,0,3,3,1,1
3221,5,18,17,3,3,11,10.68,17,1,0,1,1
3582,2,44,43,5,3,35,1.86,12,2,0,1,1
4424,14,42,41,5,2,34,8.27,8,2,1,0,1
3388,9,33,32,1,0,31,1.46,2,1,0,1,0
6127,22,43,42,5,2,35,2.41,4,1,1,1,0
4105,11,34,33,4,2,27,1.33,13,3,3,1,1
5639,6,30,29,6,0,23,11.47,4,0,0,1,0
3007,1,19,18,6,1,11,7.77,5,4,1,0,1
5006,21,34,33,6,3,24,4.02,5,4,2,1,1
5231,10,12,11,7,2,2,10.48,19,5,2,1,1
4931,4,44,43,7,3,33,7.17,0,1,1,1,1
5414,8,37,36,6,0,30,9.07,16,3,1,0,1
4981,15,48,47,1,2,44,4.74,13,3,0,0,1
6079,28,13,12,5,3,4,2.49,2,3,2,1,1
3351,15,39,38,6,3,29,4.71,13,1,0,0,1
6847,9,20,19,2,2,15,7.09,16,4,0,1,1
5851,10,44,43,6,3,34,3.5,15,2,0,1,1
6979,1,29,28,4,3,21,11.51,16,3,2,0,1
5633,9,8,7,6,0,1,1.75,13,0,0,1,1
4903,12,23,22,4,2,16,8.46,8,2,2,0,1
4801,1,10,9,2,1,6,10.58,16,2,0,1,1
6088,19,30,29,4,1,24,5.81,8,3,3,1,1
3696,9,33,32,1,3,28,3.12,12,3,3,0,1
6274,11,20,19,2,2,15,8.72,10,0,0,1,0
5148,25,38,37,6,3,28,10.31,2,4,0,0,1
4317,25,36,35,4,0,31,10.1,11,2,2,1,0
6459,3,29,28,1,2,25,8.99,13,0,0,1,0
5010,21,32,31,0,0,31,0.93,0,0,0,1,1
5554,14,2,1,1,0,0,2.23,5,4,1,0,0
4889,17,12,11,7,1,3,2.25,16,0,0,1,1
4491,28,43,42,5,0,37,6.54,14,5,1,1,0
4540,13,13,12,2,0,10,1.65,13,5,0,1,1
4759,13,3,2,0,0,2,0.47,0,0,0,1,0
3206,23,41,40,5,1,34,1.02,9,0,0,0,0
3588,12,45,44,5,2,37,1.22,13,0,0,1,0
5099,10,22,21,4,2,15,3.09,15,3,3,0,1
4283,10,48,47,5,0,42,10.63,15,0,0,1,0
3028,25,30,29,6,1,22,6.33,0,2,0,1,1
6737,7,17,16,7,1,8,8.14,19,4,0,1,1
4865,22,40,39,3,2,34,4.47,11,5,0,1,1
6830,9,37,36,7,2,27,6.4,11,3,1,1,1
3943,2,48,47,3,1,43,7.16,11,2,0,1,0
5275,27,37,36,1,2,33,7.99,10,2,1,1,1
3761,5,45,44,6,1,37,5.68,16,5,0,1,1
5829,28,3,2,1,1,0,2.98,2,0,0,1,0
5863,9,35,34,0,2,32,1.11,1,5,2,1,1
3354,15,31,30,0,0,30,0.41,0,0,0,1,0
6934,24,23,22,2,3,17,1.32,12,0,0,1,1
3712,15,46,45,0,3,42,0.12,1,0,0,1,0
5842,7,23,22,5,0,17,7.52,13,4,0,1,1
6481,26,41,40,2,0,38,1.5,12,3,1,1,0
3249,12,41,40,3,2,35,7.64,16,3,1,0,1
5988,26,29,28,6,1,21,4.76,6,5,3,1,1
3047,22,2,1,1,0,0,1.28,12,5,1,1,1
4385,22,45,44,3,2,39,6.06,14,3,0,0,1
3605,14,27,26,7,2,17,8.05,16,3,2,0,1
4305,20,43,42,1,1,40,9.31,3,0,0,1,0
5793,10,24,23,3,0,20,10.52,3,2,2,1,0
5654,12,6,5,2,2,1,4.48,5,5,0,1,1
4125,7,46,45,0,0,45,0.04,0,0,0,0,0
6798,1,18,17,0,0,17,0.42,0,5,2,1,0
5873,11,15,14,4,1,9,2.08,2,3,0,1,0
4788,19,1,0,0,0,0,0.57,1,3,2,1,1
4434,7,15,14,7,2,5,9.8,13,2,1,0,1
4863,23,19,18,6,2,10,3.38,18,3,1,1,1
4334,9,45,44,4,1,39,3.83,17,1,1,1,1
5696,10,30,29,0,0,29,0.55,1,0,0,1,0
4948,8,34,33,0,1,32,1.19,0,4,0,1,0
5891,16,25,24,7,0,17,10.01,13,5,1,1,1
4665,24,42,41,5,1,35,10.6,9,4,3,1,1
5031,11,23,22,3,3,16,3.06,9,5,0,1,0
5451,14,42,41,5,3,33,1.98,19,4,1,0,1
3749,3,30,29,4,3,22,1.58,14,4,1,0,1
6666,19,33,32,2,3,27,5.73,13,3,3,0,1
4132,10,6,5,2,2,1,5.05,11,2,2,1,1
6254,2,46,45,7,1,37,3.58,0,4,3,1,0
4433,3,23,22,3,2,17,11.73,6,5,2,1,1
6169,27,20,19,1,2,16,9.75,3,5,0,1,0
4985,1,3,2,1,1,0,1.99,13,0,0,1,1
6666,12,43,42,1,2,39,11.33,0,4,2,1,1
3133,18,45,44,5,1,38,5.93,20,0,0,1,1
3204,22,15,14,3,1,10,1.24,20,4,2,0,1
6544,23,47,46,4,1,41,9.48,19,3,1,0,1
3878,23,33,32,0,3,29,1.27,0,4,2,0,1
5617,1,20,19,0,0,19,0.59,0,3,2,1,1
6969,24,2,1,1,0,0,4.64,2,4,0,1,0
4133,18,9,8,7,0,1,4.37,1,4,1,0,1
3942,4,42,41,0,0,41,0.19,1,3,2,0,0
5764,25,20,19,5,1,13,6.52,19,1,1,1,1
4947,6,26,25,5,2,18,9.66,0,4,0,0,1
5898,1,28,27,7,2,18,8.21,0,2,1,1,1
3741,11,5,4,3,0,1,7.49,2,4,3,1,1
3845,4,23,22,0,3,19,0.78,0,4,2,1,0
5447,5,21,20,1,2,17,5.17,13,3,0,1,0
6374,25,47,46,2,2,42,1.09,6,4,2,1,1
5578,14,11,10,0,1,9,0.34,1,2,0,1,0
3383,10,14,13,7,2,4,3.25,10,2,0,1,1
4792,24,5,4,2,2,0,10.25,7,1,1,1,0
3973,7,41,40,4,0,36,11.69,0,5,0,0,1
6847,26,4,3,3,0,0,4.3,3,0,0,1,0
5961,18,26,25,6,0,19,2.79,19,1,0,1,0
4378,7,20,19,5,1,13,11.38,7,3,0,1,1
3135,11,5,4,4,0,0,10.17,12,4,1,1,1
3958,6,21,20,4,2,14,5.26,0,1,1,0,1
4797,25,8,7,5,2,0,9.22,7,4,0,1,1
4691,13,24,23,2,2,19,10.15,6,2,2,1,0
3178,18,2,1,0,0,1,1.25,0,3,2,1,0
3837,2,16,15,3,3,9,3.69,1,5,2,1,1
4933,5,24,23,2,3,18,4.9,10,4,0,0,1
5283,1,33,32,6,1,25,2.01,1,4,2,1,0
3596,19,28,27,5,1,21,6.72,5,1,0,1,0
6320,2,5,4,1,0,3,5.3,19,0,0,1,0
4004,28,12,11,1,0,10,7.34,7,2,0,0,1
5811,1,3,2,2,0,0,3.21,20,1,0,1,0
6390,12,10,9,3,0,6,11.51,13,0,0,1,1
4434,13,15,14,5,2,7,11.43,18,4,0,0,1
6856,17,21,20,6,3,11,9.45,19,1,0,1,1
3645,9,46,45,7,3,35,3.77,11,0,0,1,1
6951,15,19,18,3,3,12,6.19,8,1,0,1,1
4444,9,46,45,5,1,39,1.67,5,0,0,1,1
4721,14,8,7,4,1,2,9.39,20,3,1,1,1
4340,19,26,25,6,2,17,2.71,5,4,0,1,0
3015,21,3,2,0,0,2,0.14,0,1,1,1,0
6733,27,12,11,6,0,5,9.13,2,5,1,1,0
3397,7,44,43,3,3,37,3.41,9,1,1,0,1
5546,6,6,5,4,0,1,11.0,2,2,1,1,1
3468,2,40,39,5,2,32,3.64,0,5,0,0,1
4344,21,23,22,7,0,15,9.68,19,5,0,1,1
3924,8,41,40,4,0,36,6.04,1,3,3,1,0
5510,24,17,16,3,0,13,3.08,19,3,2,0,1
5804,19,11,10,1,0,9,4.89,5,3,2,0,0
5602,12,14,13,1,3,9,8.97,14,5,2,1,1
3731,11,37,36,6,3,27,10.87,14,0,0,1,1
5019,15,4,3,1,1,1,7.65,19,3,1,0,1
3019,15,23,22,6,0,16,5.93,3,2,2,1,1
6065,22,12,11,7,1,3,10.9,8,5,2,0,1
4604,1,34,33,0,1,32,0.79,0,3,3,1,1
6794,16,27,26,0,2,24,1.48,0,3,0,1,0
3610,16,25,24,4,3,17,4.72,5,5,0,1,1
6875,7,16,15,7,1,7,8.37,19,2,2,1,1
4603,19,28,27,7,1,19,2.66,19,2,0,1,1
6805,8,27,26,7,1,18,8.19,0,1,0,1,1
6363,23,16,15,3,1,11,3.38,20,4,2,1,1
3018,12,35,34,3,3,28,4.75,14,4,3,1,1
4266,12,11,10,2,3,5,5.57,10,2,1,1,1
5324,23,34,33,3,1,29,6.07,3,2,2,1,0
6077,23,14,13,1,0,12,1.4,18,3,0,1,0
3509,9,2,1,1,0,0,2.55,2,0,0,1,0
6753,25,43,42,5,3,34,4.9,13,2,2,1,1
3054,25,48,47,6,1,40,8.04,19,5,3,0,1
3677,9,33,32,6,2,24,3.3,5,2,2,1,1
6134,17,3,2,1,1,0,1.48,17,1,0,1,1
5820,13,25,24,7,3,14,5.44,15,2,1,1,1
5358,2,27,26,1,2,23,2.14,16,2,1,1,0
6051,2,4,3,1,0,2,6.4,20,1,1,0,0
5338,8,3,2,0,0,2,1.09,0,1,0,1,0
3192,26,23,22,5,2,15,1.02,4,2,0,1,1
4699,1,29,28,4,3,21,1.73,13,4,2,1,1
6501,7,17,16,6,2,8,10.27,6,1,1,1,1
4474,25,34,33,2,1,30,8.62,17,5,3,1,1
3990,4,15,14,2,1,11,7.24,5,0,0,1,1
3054,17,47,46,7,1,38,4.3,11,3,3,1,1
4072,4,48,47,1,2,44,4.54,5,3,1,0,1
5998,22,13,12,2,2,8,7.74,11,0,0,1,0
4023,26,28,27,4,3,20,3.45,3,1,0,1,0
4531,16,25,24,1,1,22,8.3,6,5,3,1,0
4950,23,42,41,0,1,40,0.31,0,0,0,1,0
6850,19,27,26,3,3,20,2.37,1,3,1,1,1
4070,28,14,13,4,3,6,4.18,10,4,2,1,1
6525,25,39,38,3,1,34,2.64,1,2,2,0,0
4230,8,21,20,7,3,10,7.9,6,3,2,1,1
3896,11,14,13,2,2,9,7.56,7,4,1,1,0
6564,23,17,16,0,0,16,0.78,0,1,0,1,0
3494,10,38,37,4,0,33,1.01,3,1,1,1,1
4222,24,47,46,6,1,39,4.68,17,1,1,1,1
5085,15,11,10,3,3,4,8.72,14,2,0,1,1
5735,14,10,9,1,2,6,7.25,8,4,2,1,0
4287,24,24,23,5,0,18,2.23,3,4,1,0,1
3280,14,10,9,5,0,4,7.73,20,2,2,1,0
5847,27,41,40,6,3,31,9.13,1,2,0,1,1
3018,4,37,36,2,3,31,5.41,8,4,0,1,1
4246,25,12,11,5,3,3,3.48,14,1,1,1,1
3350,6,3,2,2,0,0,8.47,8,4,0,1,1
3019,7,39,38,2,3,33,3.65,7,0,0,1,0
4395,2,18,17,7,1,9,10.82,3,4,1,1,1
4166,6,36,35,6,3,26,4.58,1,1,0,0,1
5758,22,18,17,2,2,13,7.38,12,2,0,1,1
6175,4,27,26,0,3,23,0.86,1,2,1,0,1
4825,18,22,21,7,2,12,3.84,2,1,1,0,1
6676,15,42,41,3,3,35,6.56,8,0,0,1,1
6924,12,48,47,5,1,41,8.9,9,4,0,1,0
4868,16,23,22,3,0,19,4.44,5,0,0,0,1
3533,19,6,5,0,1,4,0.22,0,0,0,1,1
6984,14,9,8,4,1,3,3.6,5,1,0,1,1
4160,2,10,9,3,2,4,2.49,2,5,3,0,1
6247,6,23,22,4,2,16,1.78,4,5,3,1,1
4617,10,16,15,5,1,9,7.92,2,1,1,1,1
6332,21,39,38,6,1,31,1.42,11,5,1,1,1
4588,18,33,32,3,0,29,5.79,6,0,0,1,1
5842,13,30,29,5,3,21,7.06,13,3,3,1,1
4358,17,36,35,6,3,26,10.28,14,2,1,0,1
3653,1,1,0,0,0,0,0.2,0,3,1,1,0
3525,1,8,7,5,2,0,1.5,10,4,1,1,1
5361,28,33,32,3,0,29,4.7,3,2,0,1,0
4302,8,23,22,1,2,19,11.74,8,1,1,1,1
3394,12,2,1,1,0,0,1.42,0,4,3,0,1
4243,17,1,0,0,0,0,0.52,0,3,2,1,1
5957,2,37,36,6,0,30,5.27,5,0,0,1,0
5207,19,33,32,5,1,26,7.25,12,3,2,1,1
5461,17,15,14,5,2,7,7.34,8,4,3,1,1
6148,21,15,14,0,1,13,1.05,0,0,0,1,0
6082,26,5,4,2,1,1,6.22,9,5,3,0,1
4887,20,9,8,0,2,6,0.51,1,2,0,1,1
3993,16,21,20,3,1,16,4.86,6,0,0,1,0
6162,5,12,11,5,2,4,7.47,2,3,1,1,1
6083,27,7,6,1,0,5,7.7,11,3,1,1,1
4440,1,10,9,0,1,8,0.46,0,4,1,1,1
4556,7,36,35,3,3,29,6.1,11,3,0,1,1
3250,9,2,1,0,1,0,1.1,1,0,0,0,0
6631,27,4,3,0,0,3,0.23,0,2,2,1,0
5902,24,31,30,0,0,30,0.98,0,4,3,0,0
5597,8,6,5,2,2,1,5.44,18,3,2,1,1
3310,10,1,0,0,0,0,0.78,1,3,3,1,1
5230,16,44,43,4,1,38,7.51,20,2,0,0,1
6660,20,20,19,1,1,17,6.44,4,2,1,1,1
6845,24,20,19,6,0,13,4.46,17,2,1,0,1
6395,10,26,25,4,2,19,8.36,14,3,3,0,1
4278,16,23,22,0,3,19,1.36,0,0,0,1,0
3470,4,21,20,1,3,16,10.51,8,4,2,1,1
6647,8,23,22,6,3,13,11.73,6,2,2,1,1
3251,1,28,27,1,2,24,2.98,12,0,0,1,0
3806,2,1,0,0,0,0,1.35,0,5,3,1,0
4992,15,18,17,7,3,7,9.7,6,5,1,1,1
6176,13,1,0,0,0,0,0.88,0,4,0,1,0
6398,1,46,45,3,3,39,1.84,4,4,3,0,1
3384,25,5,4,3,1,0,10.45,16,2,1,0,1
4548,24,8,7,0,0,7,0.87,1,1,1,1,0
3604,14,42,41,5,1,35,1.19,4,2,0,0,0
5189,12,18,17,1,3,13,7.29,14,5,0,1,1
6902,16,7,6,3,2,1,10.45,8,2,1,0,1
4809,3,31,30,3,0,27,9.48,12,0,0,1,1
4483,14,20,19,5,1,13,10.71,1,1,0,1,1
3180,26,30,29,3,3,23,8.08,15,3,3,1,1
3743,25,16,15,2,1,12,3.09,5,5,1,0,1
3000,22,16,15,7,2,6,3.65,5,4,3,1,1
3414,25,42,41,6,2,33,3.78,6,5,0,1,1
4083,13,28,27,4,3,20,8.4,15,1,0,1,1
6914,2,4,3,3,0,0,5.24,1,4,2,0,1
5475,19,36,35,7,1,27,3.99,10,1,0,1,1
3815,6,8,7,5,1,1,9.24,7,3,1,0,1
4998,7,44,43,5,3,35,4.91,18,4,2,1,1
4611,25,29,28,3,1,24,2.51,11,2,0,1,1
3640,11,36,35,4,1,30,1.58,14,0,0,1,0
3428,6,47,46,1,3,42,8.16,10,0,0,1,1
4472,20,30,29,0,3,26,0.53,0,3,0,0,1
6283,14,28,27,0,2,25,0.05,0,1,1,1,0
6681,10,17,16,3,0,13,9.84,2,5,2,1,1
5070,12,11,10,3,1,6,6.08,16,3,2,1,1
3445,20,8,7,1,3,3,6.32,15,1,0,0,1
6606,5,6,5,1,1,3,2.74,13,1,1,1,0
6193,23,46,45,2,3,40,2.55,10,4,3,0,1
4420,20,26,25,1,1,23,7.06,2,0,0,1,0
3807,24,38,37,6,1,30,1.42,15,5,1,1,1
6435,13,36,35,6,3,26,7.3,11,4,3,1,1
6989,8,15,14,3,3,8,11.72,7,1,0,1,1
5450,24,30,29,0,1,28,1.46,0,0,0,0,0
4577,26,38,37,7,3,27,7.74,4,1,0,1,1
6318,1,1,0,0,0,0,0.98,1,5,0,0,0
4608,26,25,24,5,1,18,4.35,10,3,2,0,1
4282,8,12,11,4,2,5,1.8,20,0,0,1,1
3660,27,21,20,5,1,14,3.78,14,2,2,1,1
4134,17,1,0,0,0,0,0.86,0,3,2,1,0
3698,28,36,35,5,3,27,8.27,16,1,0,0,1
5566,9,23,22,2,0,20,9.29,14,0,0,0,0
5632,20,35,34,4,3,27,7.68,0,4,3,1,0
3911,4,47,46,6,0,40,6.93,2,4,0,1,0
3772,9,12,11,7,3,1,10.38,1,2,0,1,1
6030,3,34,33,7,0,26,1.24,20,0,0,1,1
4152,14,32,31,6,2,23,3.77,8,4,0,1,1
6085,12,13,12,0,1,11,1.32,0,1,0,1,0
6291,8,18,17,2,2,13,5.63,10,0,0,0,1
5433,19,23,22,7,1,14,6.74,15,5,0,1,1
4679,20,8,7,0,0,7,0.68,0,2,0,1,0
6118,1,18,17,0,1,16,0.98,0,4,3,1,1
6755,3,8,7,2,3,2,8.11,6,4,2,1,1
5501,22,31,30,0,1,29,1.43,0,1,0,1,0
5490,4,6,5,4,0,1,7.8,20,0,0,0,1
5181,28,31,30,6,1,23,10.95,5,2,2,0,1
4162,12,26,25,2,3,20,9.71,12,2,2,0,1
6034,15,2,1,0,1,0,0.82,0,2,1,1,0
6656,24,36,35,0,0,35,1.13,0,1,1,1,0
4895,6,20,19,2,2,15,5.81,9,2,1,1,1
6863,14,30,29,1,2,26,1.15,0,4,2,1,0
4365,11,17,16,3,2,11,6.37,2,0,0,1,1
5236,22,8,7,5,2,0,8.95,6,1,0,1,1
4657,4,27,26,4,3,19,11.06,5,0,0,0,1
3548,26,41,40,2,0,38,9.02,14,0,0,1,1
4705,4,22,21,5,3,13,5.64,16,1,1,1,1
3050,19,7,6,1,0,5,11.2,2,5,1,1,0
3071,27,11,10,0,1,9,0.4,0,5,0,1,0
6252,6,35,34,1,1,32,1.5,18,2,1,1,1
6852,20,43,42,3,0,39,2.81,10,5,3,1,0
5277,18,14,13,3,1,9,2.72,11,5,2,1,1
4753,3,41,40,4,3,33,8.87,17,3,1,1,0
4499,10,28,27,0,2,25,0.74,0,1,1,1,1
4308,22,46,45,1,3,41,8.94,1,4,3,1,0
4044,12,7,6,6,0,0,10.37,2,0,0,1,1
4666,15,3,2,2,0,0,7.75,9,4,2,1,1
5248,2,14,13,2,2,9,6.55,19,0,0,1,1
3117,4,14,13,1,2,10,9.26,17,2,2,1,0
5863,6,32,31,6,3,22,11.55,7,3,2,1,1
4905,19,42,41,2,1,38,9.13,2,0,0,1,0
4058,27,10,9,1,2,6,7.46,16,4,3,0,1
5742,17,23,22,7,1,14,9.15,13,1,1,1,1
4056,8,39,38,1,2,35,10.88,7,1,1,1,1
4734,21,13,12,0,1,11,0.95,0,2,1,0,0
4329,16,21,20,0,1,19,0.18,0,0,0,1,0
6201,21,7,6,1,2,3,5.83,10,3,0,1,0
6022,24,17,16,6,0,10,6.99,8,4,3,1,1
6759,17,16,15,5,2,8,1.79,10,1,1,1,1
5257,6,29,28,5,0,23,7.73,4,1,0,1,0
4992,17,23,22,2,2,18,5.57,0,1,0,0,1
4491,7,9,8,2,1,5,8.55,15,4,0,1,1
4690,13,10,9,7,2,0,11.95,12,2,2,1,1
3863,22,41,40,2,2,36,2.64,11,4,0,1,1
4735,17,39,38,1,2,35,5.85,4,4,0,1,0
6179,2,3,2,1,0,1,4.81,6,4,0,1,1
3844,5,12,11,3,3,5,2.68,0,5,1,1,1
5397,5,39,38,2,3,33,11.35,10,1,1,1,1
3359,22,43,42,3,3,36,9.03,5,2,1,0,1
4463,13,28,27,7,3,17,1.02,15,2,2,1,1
6656,7,27,26,3,0,23,2.18,7,5,3,1,1
3293,18,33,32,1,3,28,8.63,20,2,0,1,1
3788,9,14,13,6,0,7,4.03,17,4,2,1,1
3929,26,26,25,1,1,23,2.51,12,4,0,0,0
5759,25,39,38,2,3,33,6.48,6,1,1,0,0
6499,17,10,9,7,2,0,9.89,9,4,2,1,1
5433,18,22,21,0,1,20,0.77,0,0,0,1,0
4212,17,23,22,2,3,17,9.36,7,3,1,1,0
4469,13,48,47,4,3,40,5.6,13,3,0,1,1
5911,22,8,7,0,3,4,1.07,0,1,1,1,0
3323,20,25,24,7,0,17,4.51,17,3,0,0,1
4979,8,24,23,4,1,18,8.85,20,3,1,0,1
6925,2,39,38,1,3,34,5.46,15,1,1,1,0
4366,7,26,25,2,1,22,8.18,3,3,0,1,0
5106,6,30,29,2,0,27,5.02,8,5,3,1,1
4492,20,24,23,6,1,16,1.49,18,2,0,0,1
4368,23,11,10,2,2,6,5.25,5,1,1,0,0
5116,10,17,16,2,3,11,8.99,0,4,3,1,1
4492,9,23,22,4,2,16,9.54,18,5,2,1,1
5821,24,34,33,0,3,30,0.34,0,4,3,1,1
3922,20,3,2,2,0,0,8.0,3,4,1,1,0
6224,3,40,39,3,3,33,2.07,0,5,2,0,0
4906,24,39,38,5,1,32,6.13,17,3,0,1,0
4817,16,3,2,2,0,0,8.58,6,0,0,1,0
5358,17,27,26,7,0,19,8.48,4,2,2,1,1
4438,13,44,43,7,1,35,5.87,12,1,1,1,1
4344,16,40,39,1,2,36,5.77,4,0,0,1,1
4616,21,16,15,5,2,8,9.12,4,2,0,0,1
3584,4,47,46,7,2,37,3.88,2,0,0,0,1
3359,20,43,42,7,2,33,3.55,6,3,2,1,1
5775,8,4,3,0,3,0,0.02,0,3,2,1,0
5925,28,36,35,7,1,27,10.57,4,2,2,1,1
4034,16,21,20,5,2,13,9.65,18,1,1,1,1
6462,9,10,9,2,0,7,5.27,1,2,1,0,1
5194,1,42,41,5,3,33,9.9,1,1,1,0,1
5138,15,42,41,4,3,34,3.55,8,1,0,1,1
4565,21,11,10,1,2,7,3.85,10,2,2,1,1
5496,20,21,20,5,1,14,7.27,14,3,0,1,0
3893,11,8,7,2,2,3,8.82,15,2,2,1,1
4262,23,3,2,1,0,1,6.79,9,3,1,1,0
4476,4,19,18,4,3,11,7.96,3,0,0,1,0
5392,9,27,26,5,0,21,8.05,12,2,2,1,1
4521,21,47,46,3,2,41,6.6,12,3,2,0,1
5545,28,29,28,6,0,22,9.82,10,4,1,1,1
6202,17,1,0,0,0,0,1.07,0,5,3,1,0
6392,13,24,23,0,2,21,0.45,0,5,2,1,1
3385,16,32,31,4,0,27,11.94,14,4,1,1,1
4369,27,30,29,6,2,21,9.0,16,3,2,1,1
6850,12,14,13,7,2,4,2.18,9,0,0,0,1
4493,11,29,28,6,3,19,9.4,4,1,0,1,1
4725,12,26,25,6,2,17,1.98,14,2,2,1,1
3991,21,4,3,2,0,1,7.72,12,0,0,1,0
6288,5,34,33,4,0,29,5.52,12,0,0,1,1
4400,10,15,14,7,0,7,7.58,20,2,2,1,1
6870,28,25,24,4,1,19,1.49,6,5,2,1,1
5691,25,24,23,1,2,20,8.29,5,2,2,1,0
4828,5,47,46,0,0,46,1.44,0,5,3,1,0
6614,24,42,41,0,3,38,1.09,0,3,1,1,0
5072,3,38,37,3,3,31,3.19,14,4,2,1,1
6371,10,1,0,0,0,0,0.72,0,1,0,1,0
5441,8,36,35,4,3,28,7.2,4,0,0,0,1
4213,26,15,14,2,2,10,11.18,15,5,3,0,1
5606,4,34,33,4,3,26,10.97,13,0,0,0,1
5867,1,16,15,1,3,11,6.67,7,1,1,1,1
4210,19,38,37,7,0,30,11.27,20,1,0,1,1
5859,20,48,47,6,2,39,9.08,12,1,0,1,1
6254,7,10,9,1,3,5,6.79,5,4,3,0,1
4185,8,7,6,4,2,0,2.32,4,1,0,0,1
6840,21,4,3,3,0,0,2.8,8,0,0,1,1
6582,25,1,0,0,0,0,0.76,0,4,0,1,0
4732,27,1,0,0,0,0,0.05,0,0,0,1,0
6870,27,40,39,0,0,39,0.72,0,2,0,1,0
3644,23,10,9,6,3,0,5.22,5,2,0,1,1
4554,26,19,18,4,3,11,5.21,2,3,3,1,1
4168,6,6,5,2,1,2,9.44,4,0,0,1,1
5729,3,24,23,7,2,14,5.04,15,3,2,1,1
5679,16,38,37,2,2,33,6.24,11,1,1,1,0
5604,19,27,26,6,2,18,11.21,16,3,1,1,1
3578,26,1,0,0,0,0,1.39,0,3,3,1,0
5821,16,45,44,0,2,42,0.56,0,2,1,1,1
4675,16,4,3,1,2,0,8.02,15,1,0,1,0
4522,21,15,14,0,3,11,0.93,0,5,2,0,0
5327,1,40,39,2,1,36,4.57,16,2,1,1,0
6285,9,14,13,2,0,11,9.74,1,0,0,1,1
6993,28,25,24,7,1,16,1.99,9,1,1,1,1
6619,26,4,3,1,0,2,2.73,2,0,0,0,1
5456,12,21,20,0,1,19,0.26,0,0,0,0,0
6593,23,36,35,0,3,32,0.15,0,4,1,0,0
6557,11,32,31,6,3,22,6.52,19,3,3,1,1
6829,7,2,1,1,0,0,10.61,14,2,1,1,1
4670,4,19,18,5,1,12,3.89,10,3,0,1,1
3742,13,40,39,5,0,34,10.81,16,3,0,1,1
3707,20,23,22,3,2,17,11.79,20,2,0,1,1
6724,15,19,18,0,3,15,1.23,0,4,3,1,0
4670,10,40,39,0,3,36,1.49,0,0,0,0,1
3667,11,38,37,1,1,35,8.81,14,5,1,0,1
3492,15,4,3,3,0,0,4.98,13,1,0,1,0
6122,27,28,27,6,1,20,10.08,6,5,1,1,1
5253,21,11,10,7,3,0,5.05,9,0,0,1,1
3796,15,27,26,1,2,23,9.94,13,4,0,1,1
6120,21,43,42,2,0,40,8.07,9,1,1,1,1
6158,28,25,24,5,1,18,11.72,6,5,1,0,1
4980,26,43,42,7,3,32,1.96,9,4,3,0,1
6399,23,34,33,6,2,25,5.51,20,5,3,0,1
3507,12,36,35,2,0,33,11.27,17,5,3,1,1
4542,5,36,35,6,3,26,4.47,7,3,1,0,1
3818,13,8,7,1,1,5,2.17,0,1,1,1,0
6775,27,19,18,2,0,16,9.76,12,1,1,1,1
4758,21,41,40,2,1,37,9.34,20,5,2,1,1
4562,3,39,38,6,1,31,2.85,4,2,1,1,0
4392,13,17,16,2,1,13,6.9,11,0,0,1,0
5831,14,34,33,4,2,27,10.31,14,5,1,1,1
3558,4,21,20,6,0,14,11.54,15,4,3,1,0
3804,2,29,28,3,0,25,7.53,19,4,0,0,0
6071,24,23,22,7,1,14,2.17,20,3,3,0,1
4562,18,20,19,1,1,17,4.53,19,2,0,1,1
6575,5,21,20,7,0,13,7.6,14,5,2,1,1
4984,23,2,1,1,0,0,1.73,7,1,0,1,0
5478,5,29,28,5,3,20,4.95,20,5,1,0,1
6718,1,31,30,4,3,23,2.57,20,0,0,1,1
5139,28,19,18,2,3,13,11.62,5,1,1,0,1
3888,28,43,42,1,3,38,2.03,8,4,0,1,0
3585,12,11,10,5,0,5,9.45,18,0,0,1,1
4395,5,13,12,1,0,11,11.62,1,2,2,1,1
3666,28,4,3,0,1,2,1.0,1,5,1,1,1
6159,12,8,7,7,0,0,5.37,19,1,0,1,1
5722,6,46,45,4,3,38,10.2,19,5,0,0,1
6192,28,40,39,5,0,34,7.69,9,4,1,1,1
4742,12,44,43,2,0,41,5.26,0,2,1,1,1
4625,16,43,42,7,3,32,9.15,16,0,0,1,1
3828,4,24,23,4,3,16,11.42,9,0,0,0,1
6809,7,8,7,4,2,1,1.68,11,2,0,0,1
3057,14,21,20,3,2,15,9.12,1,1,0,0,1
3200,16,26,25,4,1,20,4.91,7,5,3,1,1
5785,24,6,5,4,1,0,8.47,6,0,0,0,1
5964,1,44,43,3,2,38,2.3,18,2,1,1,1
5906,11,24,23,7,0,16,1.47,19,4,0,1,1
6499,14,44,43,6,1,36,10.39,16,0,0,1,1
6537,13,20,19,6,3,10,9.92,11,4,2,1,1
4468,13,10,9,6,2,1,1.75,12,5,3,1,1
4195,15,24,23,3,3,17,5.13,15,5,1,0,1
4003,9,22,21,5,3,13,10.32,14,2,1,0,1
3204,22,20,19,1,1,17,2.62,10,1,1,1,0
5565,2,14,13,2,3,8,3.38,16,4,2,1,1
4832,4,23,22,2,3,17,6.01,9,3,1,0,0
4240,21,33,32,6,3,23,7.69,8,0,0,1,1
4943,11,42,41,4,3,34,3.5,9,2,1,1,1
4540,3,24,23,6,1,16,4.57,1,3,0,1,1
4608,9,38,37,6,1,30,3.71,5,1,1,0,0
5528,22,9,8,3,2,3,5.16,8,2,0,1,1
4973,13,18,17,1,3,13,3.23,12,5,3,1,0
4124,3,44,43,5,3,35,9.33,13,4,2,0,1
4209,28,20,19,2,1,16,9.51,3,5,3,1,1
4102,26,6,5,4,0,1,10.83,8,3,0,1,0
4898,21,29,28,5,1,22,10.04,6,0,0,1,1
5533,28,12,11,3,1,7,4.5,1,2,1,1,0
5762,10,3,2,1,1,0,5.06,9,1,1,1,0
4471,25,46,45,2,1,42,3.58,16,0,0,0,1
3759,2,22,21,2,2,17,9.86,15,3,3,0,1
6124,3,32,31,1,1,29,3.35,6,4,2,0,1
4044,25,15,14,3,3,8,8.05,5,3,1,1,1
5170,10,40,39,4,2,33,1.72,9,0,0,1,0
5735,4,32,31,1,0,30,2.2,20,5,1,1,1
3854,24,43,42,3,1,38,3.37,18,1,0,1,1
3996,9,5,4,3,1,0,7.31,18,5,0,1,1
5185,21,22,21,2,0,19,5.92,19,1,1,0,1
6958,21,22,21,3,2,16,11.97,0,5,0,1,1
4760,13,41,40,6,2,32,5.14,6,4,3,0,1
6219,6,28,27,6,2,19,10.62,7,2,2,0,1
4906,22,17,16,5,2,9,5.23,4,1,0,1,1
6396,21,22,21,0,2,19,1.3,0,4,2,1,0
4455,18,22,21,7,1,13,10.79,0,0,0,1,1
3598,6,9,8,0,0,8,0.89,1,2,2,1,0
6079,1,29,28,0,2,26,1.13,0,4,3,0,0
5682,6,3,2,0,2,0,0.79,0,1,0,1,0
4691,13,27,26,6,0,20,7.82,20,0,0,1,1
4173,6,27,26,1,1,24,4.25,4,0,0,1,1
5159,15,45,44,6,3,35,5.22,16,5,2,1,1
6124,27,33,32,0,1,31,0.83,1,4,1,1,0
4896,17,48,47,2,1,44,9.82,15,5,0,0,1
3612,4,3,2,0,2,0,0.56,1,0,0,1,0
3496,10,28,27,5,1,21,7.71,17,3,0,0,1
4003,5,7,6,3,1,2,5.3,18,5,1,0,1
6568,28,19,18,5,0,13,6.86,8,2,2,1,1
5093,2,26,25,5,2,18,6.39,13,4,0,1,1
5722,21,41,40,5,0,35,1.01,16,4,2,0,1
6661,20,2,1,1,0,0,1.09,5,3,3,1,0
4219,23,43,42,6,3,33,7.97,0,4,0,1,1
6582,27,41,40,0,0,40,0.96,1,5,2,1,0
5592,18,16,15,4,1,10,4.04,11,3,1,1,1
4530,28,47,46,6,1,39,8.48,11,0,0,1,1
6688,21,2,1,0,0,1,0.6,0,5,2,1,1
4703,1,16,15,3,1,11,10.65,8,5,0,1,1
5328,20,22,21,0,1,20,0.42,0,4,3,1,0
3996,22,5,4,4,0,0,8.63,13,1,1,0,1
6572,20,19,18,1,0,17,1.74,5,2,0,1,0
4653,7,29,28,4,1,23,7.39,11,1,1,1,0
3750,13,28,27,6,0,21,11.77,13,1,1,0,1
5771,19,15,14,1,1,12,6.43,0,3,3,1,1
3348,24,21,20,2,1,17,2.1,18,2,2,1,1
6149,2,48,47,0,1,46,1.17,0,5,3,0,0
6259,11,40,39,3,2,34,3.08,0,4,0,1,0
5322,1,45,44,1,3,40,1.53,19,0,0,0,0
3758,15,31,30,0,2,28,0.33,0,1,0,0,0
4207,22,29,28,7,3,18,3.29,6,3,1,0,1
3573,14,9,8,2,3,3,8.59,12,2,2,1,1
3985,26,27,26,1,2,23,7.41,12,2,1,0,1
6826,23,2,1,0,1,0,1.31,0,0,0,1,1
5585,27,44,43,7,0,36,6.63,15,5,2,1,1
6772,25,29,28,6,2,20,2.9,12,3,2,1,1
6080,26,26,25,2,1,22,9.2,17,4,1,0,1
3380,17,7,6,6,0,0,7.83,19,3,2,1,1
6144,18,45,44,7,3,34,10.62,6,5,2,1,1
3578,19,6,5,4,0,1,8.0,10,5,1,1,1
6078,5,22,21,0,1,20,0.18,0,1,0,0,0
6066,12,30,29,3,2,24,8.08,8,4,2,0,1
6310,1,20,19,4,2,13,7.32,11,1,0,1,1
5039,22,30,29,1,0,28,6.39,19,5,1,1,0
4126,28,18,17,0,3,14,0.72,0,4,2,1,0
3880,28,26,25,5,2,18,9.9,8,0,0,0,1
5281,12,36,35,7,2,26,11.02,11,4,1,1,1
5830,14,24,23,5,0,18,5.73,4,3,2,1,1
4281,25,43,42,2,3,37,2.32,17,2,1,1,1
3396,5,44,43,3,0,40,5.12,16,0,0,1,1
6138,10,8,7,5,0,2,10.96,4,2,2,1,1
4009,15,2,1,1,0,0,11.65,0,2,0,1,1
5449,19,46,45,0,1,44,0.94,0,0,0,0,0
6806,6,27,26,3,2,21,3.81,15,2,1,1,1
4389,3,40,39,7,0,32,3.0,2,0,0,0,0
3477,28,10,9,2,0,7,11.2,6,4,3,1,1
5166,25,21,20,6,2,12,1.44,14,5,1,1,0
3289,6,27,26,5,0,21,11.85,3,2,1,1,0
5070,21,3,2,2,0,0,1.27,8,0,0,0,0
5599,19,39,38,6,2,30,3.27,17,2,2,1,1
3800,21,1,0,0,0,0,0.2,1,4,1,1,0
4385,24,27,26,5,3,18,6.35,9,3,1,1,1
3711,28,21,20,1,3,16,11.18,2,3,2,1,1
4949,27,40,39,2,3,34,2.45,12,2,1,0,1
4464,19,19,18,2,0,16,4.89,16,5,1,1,0
3197,27,8,7,3,2,2,8.11,17,1,1,1,1
4425,3,4,3,0,2,1,1.18,0,4,1,1,0
5649,8,20,19,0,3,16,0.67,0,3,2,1,1
6601,20,16,15,2,0,13,9.09,5,0,0,1,1
6486,27,22,21,7,2,12,9.99,20,2,0,0,1
6100,4,28,27,7,0,20,7.72,20,1,0,1,1
6069,24,18,17,2,0,15,7.89,16,4,3,1,1
5291,28,37,36,4,1,31,9.05,7,4,2,1,0
6827,10,30,29,2,1,26,1.81,11,4,3,1,1
5360,24,40,39,2,0,37,7.72,11,4,1,1,1
5833,17,28,27,0,3,24,1.15,0,3,3,1,0
4320,3,7,6,3,3,0,9.49,1,0,0,0,1
4737,24,36,35,2,3,30,1.79,4,0,0,1,0
5460,8,47,46,5,1,40,9.68,19,0,0,1,0
6272,22,6,5,2,2,1,7.87,4,1,0,0,1
6661,17,1,0,0,0,0,0.89,1,0,0,1,0
4990,5,36,35,6,1,28,10.12,6,5,0,1,1
3069,20,6,5,0,3,2,1.04,0,1,0,1,0
5728,12,13,12,5,3,4,6.25,9,3,2,1,1
4652,24,48,47,4,1,42,9.21,17,4,0,1,1
6761,16,26,25,2,3,20,4.76,8,5,0,1,1
3099,26,23,22,2,0,20,4.11,6,4,2,1,0
6951,12,38,37,2,0,35,11.93,11,5,1,1,1
3040,14,47,46,2,2,42,1.34,0,5,0,0,0
3295,6,43,42,0,3,39,0.17,0,1,1,1,1
3002,1,14,13,3,3,7,4.23,0,5,2,1,1
3349,3,18,17,3,2,12,2.69,10,4,0,0,1
5783,16,18,17,0,0,17,0.55,0,0,0,1,0
3395,4,13,12,1,2,9,6.96,0,5,1,1,0
6268,4,23,22,4,2,16,7.62,9,4,0,0,1
6694,18,23,22,3,0,19,11.97,16,4,0,1,1
4171,11,5,4,2,2,0,5.28,16,5,0,1,1
3203,15,48,47,0,0,47,0.51,1,2,0,1,0
6341,13,43,42,0,0,42,0.07,1,2,0,0,0
4264,22,29,28,4,0,24,8.1,3,2,0,1,0
6723,4,36,35,4,2,29,3.47,19,5,3,1,1
6427,5,14,13,2,0,11,6.23,17,1,1,1,1
3984,21,7,6,2,2,2,7.19,9,3,3,0,1
4503,18,21,20,2,1,17,4.29,17,4,1,0,0
5172,18,7,6,0,3,3,0.71,0,5,1,1,1
3512,11,4,3,2,0,1,2.03,0,0,0,1,0
3399,18,40,39,3,2,34,8.1,2,3,3,1,0
3822,2,16,15,6,3,6,10.62,3,0,0,0,1
5252,19,46,45,1,0,44,4.31,4,4,3,1,1
3277,23,20,19,7,1,11,10.11,20,4,2,1,1
4621,20,17,16,1,3,12,4.13,3,4,3,1,1
6495,14,16,15,0,3,12,1.19,0,1,1,0,0
4195,15,23,22,7,1,14,2.53,14,1,1,1,1
3222,5,5,4,3,0,1,11.24,9,0,0,0,0
6453,19,1,0,0,0,0,0.42,0,1,0,0,0
4811,4,5,4,1,2,1,8.67,9,4,0,1,1
4438,25,21,20,1,2,17,1.19,19,2,1,0,0
3398,12,14,13,1,2,10,3.83,7,5,0,1,1
6168,18,12,11,5,2,4,8.37,0,1,0,1,1
6327,23,14,13,6,2,5,4.79,9,3,1,1,1
3300,22,7,6,3,0,3,4.25,18,3,2,1,1
3098,18,31,30,0,1,29,0.27,0,2,1,0,1
6315,11,42,41,0,3,38,0.33,0,5,0,1,0
5859,17,33,32,4,2,26,6.7,12,3,3,1,1
5223,27,12,11,1,3,7,6.53,5,2,2,1,0
5068,25,13,12,6,1,5,3.5,0,5,3,1,1
3810,2,6,5,4,0,1,4.05,5,3,0,1,1
6514,1,33,32,7,0,25,7.08,13,3,2,0,1
5766,23,20,19,3,1,15,2.72,4,1,0,1,0
4824,21,16,15,4,3,8,8.32,13,0,0,1,1
4279,10,4,3,3,0,0,2.22,20,1,0,1,1
3061,5,16,15,3,2,10,6.52,1,3,0,0,1
5407,5,2,1,0,0,1,0.29,0,3,3,1,0
4176,9,28,27,1,3,23,5.71,13,2,2,0,1
3154,3,19,18,1,2,15,1.33,10,4,3,1,0
3312,2,29,28,0,2,26,0.44,1,2,0,1,0
5089,5,29,28,4,1,23,6.98,12,2,0,1,0
4126,12,33,32,6,2,24,1.45,16,5,3,1,1
5090,4,29,28,5,3,20,11.08,18,1,1,1,1
3630,10,36,35,5,3,27,11.47,18,3,2,1,1
5224,19,12,11,3,1,7,8.63,3,5,2,1,1
3932,20,26,25,4,2,19,10.48,1,3,2,1,1
3071,24,1,0,0,0,0,0.24,0,4,3,1,0
4463,25,37,36,3,1,32,8.43,17,4,2,0,1
3555,21,16,15,7,1,7,7.51,15,3,3,1,1
3976,5,39,38,1,1,36,8.28,10,5,3,0,1
3045,8,19,18,7,0,11,4.13,3,2,2,1,1
5097,7,31,30,1,1,28,10.89,4,4,0,0,1
6372,23,3,2,2,0,0,8.4,4,5,0,1,1
3373,27,18,17,0,0,17,0.67,1,0,0,1,0
5826,13,25,24,0,2,22,0.43,0,5,1,1,0
3608,13,46,45,4,1,40,2.56,10,0,0,1,1
3119,17,35,34,3,2,29,2.39,5,1,0,1,1
6670,26,13,12,4,2,6,6.53,14,4,1,1,1
4801,22,32,31,6,2,23,5.88,3,3,2,1,1
4584,6,36,35,5,3,27,5.47,13,3,3,1,1
4263,12,6,5,4,0,1,7.58,10,0,0,0,1
4265,4,38,37,5,2,30,9.24,4,0,0,1,1
3218,4,40,39,0,0,39,0.21,1,2,0,1,0
6975,26,44,43,4,3,36,1.14,5,3,3,1,0
4802,15,36,35,4,2,29,9.93,12,3,0,1,1
6980,23,33,32,2,2,28,2.64,18,0,0,1,1
5402,5,40,39,3,2,34,6.92,5,3,1,1,1
6468,1,27,26,3,1,22,11.44,15,1,0,1,0
4275,24,37,36,1,2,33,7.88,2,0,0,0,1
3851,11,28,27,6,3,18,10.15,7,1,1,1,1
3706,12,18,17,6,2,9,2.7,1,2,1,1,1
4327,22,17,16,4,0,12,11.64,9,0,0,1,1
5686,7,41,40,3,0,37,2.82,0,3,2,1,0
5468,4,21,20,0,3,17,0.86,0,1,0,1,1
3602,19,23,22,2,3,17,11.52,2,0,0,1,0
5429,25,37,36,4,3,29,6.67,10,5,1,0,1
5442,6,3,2,2,0,0,6.13,10,0,0,0,1
6995,7,23,22,3,1,18,3.52,17,5,0,1,1
3922,4,28,27,5,2,20,9.4,1,0,0,1,0
3277,6,44,43,1,1,41,4.18,1,1,1,0,0
5821,2,16,15,7,0,8,2.16,15,3,1,1,1
4991,25,24,23,0,1,22,0.62,1,3,1,0,1
4901,22,42,41,6,2,33,6.49,6,5,0,1,1
5785,19,34,33,7,2,24,4.13,18,5,3,0,1
4086,8,24,23,7,0,16,2.32,10,2,2,0,0
6729,3,22,21,6,0,15,5.76,15,1,1,0,1
6795,15,16,15,4,0,11,9.27,3,2,1,0,0
3107,5,7,6,5,1,0,7.97,18,0,0,1,1
4180,13,20,19,3,3,13,1.65,13,5,0,1,0
3323,13,46,45,2,2,41,6.75,12,0,0,1,1
6894,12,17,16,6,2,8,2.35,10,1,1,0,1
4737,20,6,5,2,1,2,3.45,13,0,0,1,1
3057,14,29,28,4,2,22,1.87,20,0,0,1,1
5152,3,24,23,3,1,19,9.97,11,1,0,1,0
4289,18,29,28,5,3,20,8.26,10,5,2,0,1
4495,1,7,6,6,0,0,11.3,1,5,2,1,1
3360,10,5,4,2,1,1,10.93,10,1,1,0,1
3163,11,18,17,0,3,14,0.53,0,4,2,0,1
3738,3,41,40,2,3,35,8.19,0,3,1,1,1
3043,5,1,0,0,0,0,0.52,0,1,0,1,0
6714,4,48,47,7,2,38,10.73,13,2,2,0,1
6337,10,33,32,0,0,32,0.38,0,3,1,1,0
6707,28,31,30,5,1,24,4.79,10,1,0,1,1
3117,6,7,6,4,0,2,5.68,8,3,0,1,0
3675,8,44,43,3,3,37,10.61,15,4,3,0,1
6925,12,13,12,4,1,7,4.78,8,3,2,0,1
4936,17,19,18,1,3,14,3.62,5,1,0,1,1
4237,6,41,40,5,3,32,9.59,17,1,1,0,1
5343,18,9,8,1,1,6,5.79,4,4,1,0,1
6454,18,8,7,2,1,4,7.76,5,1,1,0,1
3379,14,28,27,0,2,25,0.49,0,3,2,0,0
5950,19,23,22,2,0,20,10.57,13,0,0,0,1
4800,2,39,38,7,1,30,7.69,15,5,0,1,1
5891,17,19,18,7,1,10,1.36,13,0,0,0,1
3542,5,6,5,3,0,2,8.09,2,2,0,1,1
5929,12,37,36,7,0,29,4.35,16,0,0,0,1
4952,17,15,14,7,1,6,4.38,1,5,1,1,1
5851,9,16,15,0,2,13,1.47,1,0,0,1,0
3896,6,5,4,1,3,0,9.02,5,5,1,1,1
3936,20,1,0,0,0,0,1.36,0,4,2,1,1
5864,23,19,18,1,2,15,8.61,15,2,2,1,1
5762,10,43,42,7,2,33,6.65,5,4,0,1,1
5294,21,27,26,0,1,25,0.46,0,1,1,1,0
5378,12,8,7,2,0,5,1.21,13,3,0,1,1
5183,6,10,9,1,2,6,8.69,5,4,3,1,1
5398,4,34,33,0,0,33,1.45,0,0,0,1,0
5184,16,1,0,0,0,0,0.68,0,4,0,0,0
5258,23,5,4,2,0,2,2.01,20,1,1,0,0
6651,17,19,18,2,0,16,4.51,2,5,0,1,0
6871,5,47,46,1,3,42,1.26,3,5,1,1,0
5654,19,30,29,5,3,21,8.86,15,5,2,1,1
6215,23,25,24,6,0,18,7.64,8,1,1,1,1
5858,27,30,29,0,1,28,1.32,1,2,2,1,0
5001,2,29,28,4,0,24,3.76,10,1,1,0,1
4955,15,14,13,3,1,9,6.7,20,0,0,1,1
6835,23,45,44,6,2,36,7.4,18,1,1,0,1
6620,4,41,40,5,2,33,5.55,19,0,0,1,1
4465,9,5,4,4,0,0,3.12,16,1,1,1,1
5256,22,13,12,3,3,6,1.0,16,2,1,1,1
4746,25,42,41,3,2,36,5.32,18,1,1,1,1
3169,17,35,34,7,1,26,1.93,9,3,2,0,1
3982,4,20,19,7,0,12,11.43,0,5,0,1,0
6438,11,34,33,7,2,24,7.85,4,2,1,1,1
4104,2,4,3,3,0,0,10.24,7,4,2,1,1
4435,16,12,11,4,2,5,4.07,19,2,0,1,1
4699,1,2,1,0,1,0,0.78,0,1,1,1,1
4967,22,35,34,7,3,24,11.81,15,0,0,0,1
3800,4,34,33,4,2,27,1.63,16,4,0,1,1
4941,11,43,42,3,0,39,10.97,16,3,1,1,1
3202,12,35,34,6,1,27,10.01,10,0,0,1,0
3154,21,18,17,0,0,17,1.05,0,4,3,1,0
3414,17,9,8,0,0,8,0.21,0,5,3,0,0
4996,10,28,27,0,3,24,0.92,1,1,0,0,0
4192,28,42,41,3,2,36,5.25,16,0,0,1,0
4697,18,41,40,2,0,38,6.55,16,1,0,1,1
4310,5,43,42,2,2,38,9.03,3,1,1,1,1
5280,19,1,0,0,0,0,0.57,0,5,1,1,1
6468,22,33,32,7,1,24,4.65,15,2,2,1,1
4949,2,7,6,6,0,0,5.45,7,5,0,1,1
5583,26,7,6,1,3,2,4.78,10,0,0,1,1
3655,10,16,15,6,1,8,4.91,14,4,1,0,1
4580,20,23,22,3,3,16,7.88,9,4,2,1,1
6679,25,4,3,3,0,0,4.54,5,0,0,1,1
6239,5,29,28,3,3,22,5.72,18,3,1,0,1
4384,25,48,47,7,1,39,4.63,10,2,1,0,1
3698,23,30,29,6,3,20,10.41,8,5,3,1,1
4793,19,34,33,1,2,30,9.75,20,5,3,1,1
4549,9,25,24,5,3,16,11.24,11,4,2,1,1
4496,8,1,0,0,0,0,0.57,0,5,1,0,0
4298,9,18,17,3,2,12,3.73,19,0,0,1,1
4708,22,40,39,6,1,32,2.61,2,1,1,1,1
4807,7,34,33,1,2,30,7.48,1,4,3,1,1
5980,13,27,26,2,2,22,9.81,11,4,2,1,1
3970,27,44,43,5,1,37,8.86,15,0,0,1,1
5181,1,22,21,3,0,18,1.66,8,2,0,1,1
3628,14,33,32,6,1,25,1.45,20,5,0,1,1
3241,3,7,6,3,3,0,6.21,3,2,2,1,1
6264,5,35,34,4,1,29,10.46,4,2,0,1,0
3416,2,23,22,5,1,16,2.08,1,2,1,1,1
5266,25,1,0,0,0,0,0.82,1,5,2,0,1
4193,3,8,7,0,3,4,0.65,0,2,2,0,1
5853,28,40,39,1,1,37,7.65,2,4,3,1,1
4721,17,35,34,2,1,31,6.78,13,0,0,1,1
3402,15,31,30,4,3,23,9.9,17,3,3,1,1
3230,27,44,43,2,2,39,7.46,7,0,0,1,0
6050,9,45,44,2,0,42,6.06,5,4,2,0,1
3726,12,8,7,1,0,6,6.61,0,2,2,0,0
5111,13,24,23,7,0,16,8.94,10,1,1,1,1
6803,28,27,26,4,1,21,7.51,2,0,0,1,1
5202,20,20,19,3,3,13,10.86,11,4,0,1,1
5659,28,18,17,2,0,15,5.92,14,2,1,1,0
6463,1,1,0,0,0,0,0.52,1,0,0,0,0
4501,25,47,46,3,1,42,3.54,16,3,3,1,0
3017,14,30,29,1,0,28,11.72,16,2,1,0,1
6509,24,27,26,1,1,24,1.93,20,4,0,1,1
3035,10,5,4,2,1,1,6.97,14,3,3,1,1
4159,22,19,18,5,3,10,1.06,1,1,0,0,1
4648,25,4,3,2,0,1,11.17,17,4,3,1,1
5167,14,39,38,5,0,33,9.99,3,1,1,1,1
4556,16,35,34,1,0,33,1.19,3,5,1,1,0
5761,20,47,46,7,1,38,7.31,17,3,0,1,1
5844,8,41,40,7,1,32,11.53,8,1,1,0,1
5055,25,7,6,3,2,1,4.56,18,1,1,1,1
3066,26,18,17,6,0,11,8.26,0,3,3,1,1
3493,6,43,42,7,0,35,4.57,6,5,2,1,1
4494,23,5,4,3,1,0,8.58,17,5,2,0,1
3815,10,40,39,5,3,31,6.63,8,0,0,1,1
5225,15,23,22,7,2,13,1.31,6,5,0,0,1
6311,22,40,39,5,2,32,6.75,12,2,0,1,1
5049,9,22,21,3,0,18,8.28,0,4,1,1,1
5328,7,16,15,5,3,7,4.45,18,4,3,1,1
6591,16,19,18,3,2,13,6.38,2,1,1,0,1
4321,20,6,5,2,1,2,3.33,17,0,0,0,0
5100,21,22,21,2,1,18,11.19,14,3,1,1,0
5317,2,30,29,2,3,24,8.02,5,2,2,1,0
6641,26,8,7,1,1,5,2.81,4,4,0,1,0
4020,16,22,21,0,1,20,0.64,0,3,0,0,0
5606,17,27,26,0,3,23,0.18,0,5,2,0,0
4418,27,45,44,4,3,37,9.2,5,4,1,0,1
6431,27,11,10,2,0,8,2.86,0,0,0,0,0
4543,28,35,34,2,3,29,2.17,1,5,2,1,1
3106,14,38,37,0,0,37,0.39,0,2,0,1,0
6986,6,27,26,5,2,19,2.98,20,1,0,0,1
4928,25,21,20,7,3,10,6.41,12,3,0,1,1
5405,2,26,25,4,0,21,4.65,16,1,0,0,1
5438,2,44,43,6,3,34,5.5,12,5,0,0,1
6969,19,41,40,3,2,35,11.29,5,5,3,1,1
6630,15,46,45,0,2,43,0.62,0,1,1,0,1
5485,23,14,13,5,2,6,7.51,0,1,0,1,1
3059,24,39,38,0,0,38,1.27,1,4,1,0,0
5871,27,22,21,7,1,13,1.42,3,4,1,0,1
5746,23,2,1,0,0,1,0.27,1,4,0,0,1
3275,26,23,22,4,1,17,6.2,1,4,1,1,0
4028,26,44,43,1,0,42,11.01,5,2,2,1,1
3030,17,27,26,5,1,20,1.72,19,5,1,1,0
6271,17,8,7,2,0,5,10.57,3,1,0,0,1
4515,11,46,45,1,3,41,4.79,10,3,1,0,0
4921,6,13,12,5,3,4,2.84,12,5,3,1,1
3293,11,43,42,4,3,35,4.05,14,5,3,0,1
5927,16,17,16,6,3,7,11.33,6,2,1,1,1
5982,23,23,22,5,0,17,8.37,16,1,1,1,1
5202,6,20,19,7,0,12,6.36,5,3,0,0,1
4187,21,45,44,1,2,41,4.94,18,3,3,1,0
6139,9,33,32,0,2,30,1.25,1,3,1,0,1
6217,5,29,28,6,2,20,2.56,8,3,1,1,1
6963,6,7,6,4,0,2,11.31,18,5,3,1,1
3070,24,40,39,0,2,37,0.19,0,2,0,1,0
5085,19,11,10,4,0,6,10.5,0,0,0,0,1
3760,8,27,26,1,3,22,2.03,5,3,0,0,0
4237,1,16,15,3,3,9,3.52,0,5,1,0,1
5193,8,21,20,2,0,18,10.08,17,4,1,1,0
4969,17,3,2,2,0,0,10.19,3,5,3,1,1
4450,13,19,18,1,2,15,4.78,12,5,3,1,1
4087,16,46,45,5,1,39,6.86,8,5,0,1,1
4804,14,22,21,5,2,14,10.5,8,1,1,1,1
3633,11,22,21,5,3,13,6.3,11,3,2,1,1
3866,18,20,19,6,2,11,8.04,3,0,0,0,1
5212,13,15,14,1,1,12,2.32,4,4,1,1,0
3829,4,1,0,0,0,0,1.01,1,4,2,0,0
5970,7,35,34,1,0,33,8.34,16,2,1,1,0
6835,24,3,2,2,0,0,3.51,3,5,1,0,1
6128,23,20,19,3,1,15,10.7,15,5,3,1,1
4373,3,45,44,3,1,40,11.35,6,5,2,0,0
6932,28,47,46,0,2,44,0.9,0,2,2,1,0
4806,27,9,8,3,2,3,6.79,19,1,1,1,1
3804,8,30,29,3,2,24,3.83,6,5,3,0,0
5907,10,14,13,6,2,5,8.19,18,5,1,1,1
5978,4,48,47,3,1,43,4.26,10,0,0,1,1
3070,13,3,2,1,0,1,6.1,20,4,0,0,1
3780,7,39,38,0,1,37,0.79,0,4,1,0,0
4475,16,48,47,3,1,43,2.58,7,2,2,1,1
3883,27,28,27,2,0,25,1.59,10,4,2,0,0
3234,12,23,22,0,1,21,0.27,0,4,0,1,0
3107,14,31,30,3,2,25,8.68,8,3,1,1,1
6714,6,3,2,2,0,0,8.62,14,4,3,0,1
6188,22,13,12,1,2,9,6.04,2,2,2,1,0
5807,27,3,2,0,0,2,0.62,1,0,0,1,1
3191,8,18,17,6,0,11,7.58,6,2,1,1,0
5915,20,48,47,3,3,41,5.47,9,4,1,1,1
4904,9,14,13,0,0,13,0.7,1,2,2,1,0
3873,25,18,17,7,2,8,4.91,3,0,0,0,1
6435,18,48,47,3,1,43,2.71,10,1,1,1,1
3239,5,18,17,2,2,13,8.25,10,1,0,1,1
3616,14,21,20,6,1,13,2.99,13,0,0,1,1
3408,6,3,2,2,0,0,11.34,2,2,2,1,1
3980,11,40,39,5,3,31,10.16,1,1,0,1,1
3665,12,9,8,2,2,4,8.81,12,5,3,1,1
6319,5,3,2,1,0,1,9.17,20,2,0,1,0
6525,12,5,4,0,0,4,0.74,0,0,0,1,0
4920,9,36,35,7,3,25,4.67,17,2,2,0,1
3402,11,44,43,0,0,43,1.14,0,1,1,1,0
6580,25,14,13,5,1,7,5.06,13,2,2,1,0
4534,21,1,0,0,0,0,0.1,0,2,1,1,1
3083,13,47,46,5,2,39,5.45,11,5,2,1,1
5824,16,41,40,0,2,38,0.04,0,2,1,1,0
5763,28,3,2,1,1,0,7.24,0,1,1,1,1
6976,11,18,17,0,1,16,0.9,0,5,3,1,0
4143,6,5,4,2,2,0,4.09,9,2,0,0,0
6808,24,25,24,0,1,23,1.49,0,2,1,1,0
3385,9,5,4,3,0,1,11.05,14,3,1,1,1
3534,22,47,46,3,0,43,5.67,14,5,2,0,1
6222,24,46,45,3,0,42,9.24,10,0,0,1,1
5584,18,32,31,1,3,27,5.54,7,1,0,1,0
5700,4,9,8,6,2,0,1.17,17,4,1,1,1
3648,28,28,27,7,1,19,11.05,2,4,1,1,0
6616,18,10,9,3,2,4,4.34,12,3,3,1,1
5994,2,21,20,5,2,13,8.02,11,0,0,1,1
5800,8,13,12,4,0,8,8.43,11,1,1,1,1
5882,27,15,14,7,3,4,4.5,16,3,1,0,1
4907,27,33,32,0,2,30,0.77,0,5,0,1,0
3620,10,45,44,2,2,40,4.51,15,5,3,1,1
3850,5,22,21,6,0,15,7.44,12,4,2,1,1
4371,17,39,38,7,0,31,8.31,12,5,0,1,1
6020,18,14,13,7,3,3,5.2,14,1,1,1,1
4419,13,24,23,4,0,19,11.65,8,1,1,0,1
3729,28,26,25,6,3,16,10.07,18,0,0,1,1
4853,14,1,0,0,0,0,0.79,1,3,3,1,1
4809,5,45,44,6,1,37,7.16,2,3,3,1,0
3909,28,5,4,0,0,4,1.08,0,0,0,1,0
3838,8,8,7,2,2,3,2.31,20,5,2,0,1
6824,2,5,4,2,0,2,4.79,18,1,1,0,1
5648,14,12,11,0,2,9,0.88,0,4,1,1,1
4802,14,13,12,3,3,6,8.54,4,2,2,1,1
3420,24,24,23,1,3,19,2.56,12,5,3,0,1
3832,26,20,19,5,3,11,9.85,16,0,0,1,1
3272,3,9,8,3,0,5,5.85,10,2,0,1,1
3728,20,11,10,2,3,5,10.47,5,2,1,1,1
6097,23,13,12,7,3,2,1.5,7,0,0,1,1
6552,27,48,47,5,2,40,5.35,2,1,0,1,1
5564,10,24,23,3,3,17,1.7,5,5,1,0,1
3988,25,44,43,2,3,38,8.65,13,4,1,0,1
6842,16,20,19,0,3,16,1.4,0,4,2,0,1
5293,19,36,35,6,3,26,11.58,14,0,0,1,1
6709,22,38,37,2,1,34,9.43,7,3,2,1,1
7000,25,34,33,3,2,28,5.73,5,3,0,1,0
3856,28,42,41,2,3,36,1.55,11,5,3,1,1
6843,27,11,10,4,0,6,9.13,20,2,2,1,0
5790,8,25,24,5,1,18,11.61,13,1,0,1,0
5936,4,34,33,2,3,28,10.87,4,2,0,1,1
4676,10,1,0,0,0,0,0.93,0,1,1,1,0
5626,9,20,19,6,1,12,5.72,5,2,1,1,1
4024,12,10,9,3,0,6,11.41,16,2,1,1,1
4558,15,6,5,2,2,1,2.13,5,5,1,1,1
5916,16,9,8,7,0,1,9.15,4,1,1,1,0
5689,16,12,11,3,1,7,7.83,20,1,0,1,1
4712,23,16,15,4,1,10,6.63,2,2,1,1,0
3239,27,35,34,1,3,30,5.25,11,2,1,1,1
5480,18,10,9,7,2,0,10.3,9,3,2,0,1
5824,13,48,47,3,2,42,5.09,4,5,3,1,1
3213,13,31,30,6,2,22,9.03,20,3,2,1,1
3773,13,36,35,7,2,26,5.1,2,2,2,1,0
5777,20,37,36,3,0,33,11.55,2,5,2,1,0
4565,26,19,18,7,2,9,10.35,8,1,0,0,1
6639,14,37,36,1,2,33,6.96,7,0,0,1,1
6546,22,42,41,5,0,36,4.55,18,3,0,1,0
6232,25,12,11,0,0,11,0.27,0,4,3,1,0
3206,1,17,16,5,1,10,9.94,16,0,0,0,1
5408,10,1,0,0,0,0,0.13,0,5,2,1,0
5971,27,37,36,1,3,32,10.82,3,5,3,0,1
4526,22,32,31,1,1,29,10.26,5,3,0,1,1
3044,16,30,29,4,3,22,3.66,0,3,3,0,1
4269,8,30,29,1,2,26,5.2,0,0,0,1,1
6173,9,18,17,7,2,8,3.37,5,2,2,1,1
4686,6,44,43,4,3,36,7.7,12,5,2,0,1
4557,6,38,37,0,3,34,0.45,0,0,0,1,0
5109,1,48,47,5,3,39,5.33,12,5,2,1,1
6879,28,45,44,6,1,37,6.1,18,1,1,1,1
5471,17,12,11,5,2,4,10.9,19,5,0,1,1
3714,9,25,24,2,1,21,4.22,17,0,0,0,1
3692,8,34,33,6,1,26,7.86,20,5,2,1,1
4758,26,44,43,4,3,36,6.27,0,0,0,1,1
6185,9,33,32,1,1,30,8.54,1,5,3,1,1
4822,22,13,12,6,1,5,3.18,4,5,2,1,1
4266,18,40,39,5,0,34,1.91,10,0,0,1,1
3024,1,6,5,1,1,3,1.67,15,1,1,1,1
6027,25,9,8,4,2,2,6.47,16,4,0,0,1
3413,13,46,45,6,3,36,9.38,17,3,2,1,1
4648,10,30,29,7,1,21,6.62,7,0,0,1,0
3830,11,32,31,1,0,30,7.07,20,4,2,1,0
6671,12,17,16,4,0,12,6.93,16,2,2,1,1
6804,19,7,6,3,2,1,7.54,16,4,1,1,1
4749,23,21,20,2,3,15,10.81,14,4,3,1,1
6041,2,2,1,0,0,1,1.24,0,1,0,1,0
3099,1,46,45,7,3,35,6.78,20,1,0,1,0
5262,28,30,29,4,1,24,11.23,0,1,0,0,1
4880,24,28,27,7,1,19,8.36,17,1,1,0,1
5658,8,38,37,2,3,32,7.89,9,1,0,0,1
5211,14,29,28,3,3,22,5.6,18,5,1,1,1
3938,24,14,13,6,3,4,4.77,9,3,1,1,1
6294,2,14,13,2,2,9,2.46,3,5,2,1,1
5600,1,37,36,6,1,29,6.44,19,0,0,1,1
4628,5,34,33,3,1,29,9.69,6,5,0,0,1
6014,10,25,24,6,0,18,11.77,5,1,0,1,0
6283,17,43,42,1,3,38,10.5,16,4,0,1,1
5877,8,7,6,0,1,5,0.88,0,3,2,1,0
4593,15,20,19,2,3,14,7.03,5,5,2,1,1
3603,17,40,39,7,0,32,11.03,20,5,3,1,1
4742,11,15,14,3,2,9,2.56,10,3,2,1,1
5093,4,45,44,4,0,40,6.98,7,3,1,1,1
5881,7,43,42,6,3,33,11.62,6,4,3,1,1
4730,8,42,41,3,2,36,4.89,12,0,0,1,0
5778,5,13,12,7,1,4,3.12,6,0,0,1,1
4833,7,28,27,0,0,27,1.23,1,0,0,1,0
6160,4,36,35,4,2,29,5.46,14,3,1,1,1
3833,19,10,9,3,1,5,8.02,4,3,2,0,1
5565,17,19,18,4,1,13,11.02,5,5,3,1,1
5193,11,18,17,0,3,14,1.18,1,4,3,1,0
6257,14,28,27,0,1,26,0.45,0,0,0,1,0
4029,5,39,38,4,0,34,6.62,11,1,0,1,1
6389,20,29,28,1,2,25,5.22,9,1,0,1,0
5403,25,24,23,6,2,15,4.51,10,4,0,0,1
5637,24,38,37,2,3,32,5.33,7,2,1,1,1
5728,1,39,38,4,0,34,9.86,11,1,1,1,1
6029,20,25,24,2,0,22,10.72,12,1,1,1,1
5772,20,28,27,0,3,24,0.44,1,5,0,1,1
3558,5,10,9,3,2,4,2.84,17,1,1,1,1
5747,10,17,16,1,1,14,8.61,13,4,3,1,1
4276,12,23,22,3,0,19,1.61,6,4,0,0,1
5520,23,38,37,1,0,36,9.47,6,4,2,0,1
6911,7,48,47,0,1,46,0.59,0,1,0,1,0
3021,13,23,22,0,0,22,0.67,0,4,3,1,0
5908,13,24,23,0,1,22,0.41,0,3,0,1,0
3125,6,24,23,7,1,15,10.31,17,4,3,1,1
6056,6,38,37,7,1,29,6.79,5,2,1,0,1
6899,14,8,7,5,0,2,8.55,3,3,3,0,1
6483,21,5,4,0,0,4,1.46,0,0,0,1,0
4657,17,12,11,7,1,3,5.08,7,3,3,1,0
5372,15,35,34,1,3,30,3.07,16,4,2,0,1
4381,12,23,22,6,0,16,9.62,1,1,1,0,1
5697,6,16,15,3,1,11,1.94,16,3,0,0,1
6021,24,29,28,7,0,21,10.92,7,2,2,0,1
3257,4,1,0,0,0,0,1.41,0,0,0,1,0
4658,3,14,13,6,3,4,7.7,2,0,0,1,1
3144,14,14,13,4,0,9,6.7,12,3,3,1,1
4925,4,4,3,3,0,0,2.25,6,3,2,1,0
3252,26,41,40,5,3,32,4.82,13,4,2,1,1
5121,22,39,38,1,2,35,3.1,10,2,2,1,1
4893,16,8,7,2,3,2,8.52,14,5,1,1,1
5641,9,43,42,3,1,38,6.02,20,1,0,1,1
6343,17,17,16,2,2,12,8.16,16,4,3,0,1
3179,27,4,3,3,0,0,4.01,4,3,2,1,1
6849,23,40,39,0,1,38,1.0,0,2,1,1,0
6505,15,26,25,5,1,19,10.25,19,1,0,1,1
6218,26,44,43,6,2,35,7.1,16,1,0,1,1
5048,16,30,29,3,3,23,8.12,10,1,0,1,1
5290,3,8,7,2,2,3,4.98,12,1,0,1,1
5433,13,43,42,7,3,32,1.04,11,3,2,1,1
5567,6,46,45,4,0,41,8.29,1,1,1,1,0
3411,25,29,28,4,0,24,7.04,3,2,2,1,0
5077,9,14,13,5,0,8,11.51,12,0,0,0,1
3961,13,12,11,5,2,4,10.11,7,1,0,1,1
6845,2,6,5,4,0,1,8.63,6,0,0,1,0
4458,27,35,34,2,1,31,5.47,4,5,0,1,0
4526,7,6,5,3,1,1,5.05,4,2,1,1,1
3192,22,5,4,0,2,2,1.23,0,0,0,1,0
6453,25,46,45,7,1,37,3.05,17,2,1,1,1
6611,19,34,33,3,0,30,11.07,6,3,3,1,1
3525,5,21,20,1,2,17,1.69,12,3,1,1,0
5272,14,3,2,1,1,0,1.83,13,5,0,1,0
5956,13,28,27,5,3,19,1.37,13,4,0,1,0
3995,15,22,21,3,1,17,3.44,15,4,0,1,1
4313,2,29,28,1,3,24,7.52,7,0,0,1,1
5852,3,43,42,3,0,39,4.18,16,4,1,1,0
5742,11,20,19,4,0,15,8.52,17,3,3,1,1
4526,7,16,15,2,2,11,3.37,0,4,1,1,0
6156,21,19,18,2,0,16,9.02,13,0,0,1,1
6023,18,3,2,1,1,0,9.78,13,1,1,1,1
3760,3,47,46,0,3,43,1.05,0,4,0,1,1
5101,4,9,8,0,0,8,0.21,0,0,0,1,0
3068,5,31,30,0,3,27,1.21,1,4,3,1,1
4636,28,4,3,0,0,3,1.18,1,1,0,1,0
6725,11,27,26,6,0,20,3.13,20,2,0,0,1
5591,7,47,46,2,2,42,11.15,18,0,0,1,1
5630,12,29,28,1,3,24,1.28,6,4,0,1,1
6850,10,9,8,5,0,3,4.58,16,2,1,1,1
4332,19,24,23,6,3,14,10.52,6,0,0,1,1
4090,7,10,9,6,1,2,6.34,4,3,0,0,1
5100,23,11,10,1,3,6,6.69,17,5,3,1,1
3670,26,11,10,0,1,9,1.26,0,5,1,1,0
4016,24,28,27,0,2,25,1.1,0,4,0,1,0
5625,1,12,11,3,0,8,1.67,19,5,3,1,1
5190,3,41,40,2,3,35,2.68,10,0,0,1,0
3415,27,46,45,6,0,39,9.31,19,5,2,0,1
6919,18,35,34,6,2,26,1.99,14,5,1,1,1
4449,2,24,23,5,2,16,8.16,15,3,3,1,1
3222,3,6,5,1,3,1,10.69,10,0,0,1,1
4561,15,36,35,6,0,29,7.82,17,5,3,0,1
5812,28,45,44,1,2,41,10.56,2,4,3,1,1
6812,22,13,12,1,3,8,1.36,14,4,1,0,1
5645,15,37,36,3,0,33,4.3,20,4,0,1,0
5062,14,17,16,6,1,9,3.92,3,1,1,1,0
6094,25,18,17,1,1,15,5.47,17,2,1,1,1
4040,28,31,30,4,2,24,10.55,5,5,1,0,1
3136,15,48,47,5,0,42,6.72,2,0,0,0,1
3815,18,12,11,3,2,6,6.29,16,2,0,1,1
6326,20,13,12,2,2,8,2.5,8,4,3,1,1
6776,14,29,28,2,2,24,11.69,5,4,0,1,1
6869,5,2,1,1,0,0,9.26,20,0,0,0,1
4565,6,6,5,3,2,0,11.32,14,2,1,1,1
4638,27,47,46,5,3,38,5.57,9,3,0,1,1
5606,10,7,6,5,1,0,5.97,19,4,3,1,1
3933,2,47,46,6,3,37,10.78,11,4,0,0,1
3084,1,37,36,2,0,34,6.78,7,0,0,1,1
3945,27,7,6,4,0,2,6.17,3,0,0,0,0
6426,4,35,34,0,1,33,0.57,1,0,0,1,0
5837,10,9,8,4,3,1,10.0,17,1,1,1,1
3970,2,43,42,2,2,38,1.09,2,1,1,1,0
4201,13,16,15,3,0,12,5.53,17,1,1,0,1
5414,28,44,43,4,1,38,6.21,20,0,0,1,0
4419,12,4,3,1,1,1,5.26,13,3,1,0,1
6094,14,25,24,3,1,20,11.09,3,2,2,1,0
4873,27,2,1,0,1,0,0.75,0,5,0,0,0
6477,10,26,25,6,1,18,8.56,15,0,0,1,1
3452,14,38,37,6,0,31,7.78,16,5,2,1,1
3960,26,27,26,0,1,25,1.31,0,4,3,1,1
5113,6,45,44,4,0,40,2.46,10,1,1,1,1
5290,23,27,26,3,3,20,5.94,2,0,0,1,0
6573,22,28,27,7,2,18,11.95,6,1,0,1,1
6367,23,24,23,2,3,18,4.13,11,3,2,1,1
4768,20,30,29,5,1,23,6.88,14,5,1,1,1
5009,25,37,36,7,1,28,3.86,20,2,0,1,1
5593,27,45,44,0,3,41,0.47,0,2,1,1,0
4801,5,12,11,1,2,8,10.9,2,1,1,1,1
4980,7,42,41,3,0,38,1.05,13,2,1,1,0
5762,25,6,5,5,0,0,1.73,7,1,0,1,1
6338,6,4,3,1,0,2,4.54,19,5,0,0,1
5825,28,47,46,2,1,43,3.8,15,2,2,1,1
6671,7,48,47,0,3,44,1.14,1,1,0,0,0
3516,15,4,3,2,1,0,2.32,19,5,2,0,1
3040,22,36,35,1,1,33,10.53,7,5,2,1,0
6929,12,26,25,0,3,22,0.09,1,1,1,1,1
3193,14,19,18,3,2,13,7.99,10,0,0,1,1
6964,20,21,20,3,2,15,3.74,5,1,1,1,1
4016,14,18,17,4,3,10,8.85,6,5,3,1,1
3226,14,41,40,4,0,36,4.67,4,4,0,1,1
4427,9,2,1,0,1,0,1.05,0,2,2,1,0
4225,27,37,36,4,0,32,10.6,9,3,2,1,1
6457,5,1,0,0,0,0,1.43,0,2,1,0,0
6340,8,20,19,4,0,15,8.35,12,0,0,1,1
5123,23,42,41,5,2,34,7.23,14,3,2,1,1
4755,11,47,46,2,0,44,8.85,6,5,1,0,0
6123,10,30,29,5,0,24,3.14,4,2,1,0,1
3941,13,14,13,7,1,5,1.31,5,3,1,0,1
6589,9,40,39,1,0,38,7.96,3,5,2,1,1
3595,4,14,13,7,1,5,11.29,5,2,1,1,1
4326,18,42,41,1,2,38,7.98,13,0,0,0,0
6483,13,17,16,1,3,12,4.46,18,2,2,0,1
3455,19,10,9,1,1,7,3.21,20,5,2,1,0
4448,11,3,2,1,0,1,1.67,13,3,1,1,1
6322,20,17,16,4,2,10,7.75,5,0,0,1,1
4404,24,47,46,4,1,41,7.91,14,2,1,1,1
6607,10,34,33,6,3,24,5.33,10,0,0,0,1
4737,12,2,1,0,1,0,1.17,0,2,1,1,0
3766,17,41,40,3,1,36,2.33,10,3,2,0,1
5927,8,25,24,7,2,15,4.55,16,4,2,1,1
6706,13,43,42,2,0,40,11.45,20,3,1,1,1
3966,18,46,45,7,1,37,4.64,20,3,2,1,1
4656,23,46,45,6,0,39,9.05,12,3,2,1,1
4270,26,7,6,4,0,2,6.93,9,2,1,1,0
5903,10,22,21,2,3,16,10.96,12,2,0,0,1
5815,15,14,13,1,2,10,1.31,20,2,1,1,0
5992,11,25,24,4,1,19,1.93,7,4,1,1,0
4240,1,21,20,6,2,12,5.63,15,2,2,1,1
5509,13,4,3,1,0,2,4.69,15,5,1,1,0
6906,22,24,23,0,2,21,0.2,0,1,1,1,0
6726,26,29,28,4,2,22,11.02,13,0,0,1,1
3611,23,6,5,3,0,2,10.0,8,2,1,1,1
5741,12,2,1,0,1,0,0.44,0,2,2,1,1
3724,1,17,16,0,1,15,0.7,0,3,2,1,1
5905,3,30,29,6,2,21,9.25,12,5,0,0,0
3768,16,41,40,7,2,31,11.57,0,2,1,1,1
6302,6,31,30,5,1,24,5.2,7,0,0,0,1
3392,20,6,5,1,2,2,8.22,1,0,0,1,1
6517,16,19,18,3,1,14,7.13,4,4,0,1,1
6255,15,12,11,0,2,9,0.31,0,0,0,1,1
5713,9,12,11,5,2,4,7.99,20,0,0,0,1
6550,16,6,5,4,1,0,5.39,15,5,1,1,1
3658,20,23,22,5,3,14,6.13,19,4,3,1,1
6516,18,37,36,7,0,29,4.33,17,3,1,1,1
5828,6,16,15,2,2,11,6.86,17,4,0,1,1
3331,26,43,42,7,0,35,6.17,1,4,2,1,1
6619,14,45,44,1,0,43,10.16,3,1,0,1,0
6295,2,37,36,3,3,30,5.57,7,2,2,1,1
6672,27,22,21,7,2,12,5.79,17,1,1,1,1
5496,11,32,31,6,1,24,3.82,5,4,1,1,1
4440,10,37,36,4,1,31,6.19,5,2,0,0,1
4422,28,38,37,6,2,29,3.06,15,1,1,1,1
5420,18,26,25,5,3,17,6.74,18,2,1,1,1
3647,26,8,7,4,1,2,4.2,4,2,1,1,1
3676,23,47,46,1,2,43,3.37,18,2,2,1,1
4196,27,23,22,2,1,19,5.89,14,1,0,1,1
5162,28,13,12,6,3,3,1.85,1,0,0,1,0
4269,6,19,18,7,1,10,7.0,1,2,2,1,0
4127,24,29,28,5,2,21,8.95,15,5,1,1,1
4055,10,39,38,5,2,31,2.07,10,3,3,1,1
6852,21,28,27,4,1,22,7.01,9,2,2,1,1
5213,15,29,28,0,1,27,0.86,0,5,3,1,0
6242,11,42,41,5,1,35,10.69,15,3,3,1,1
6878,21,17,16,2,3,11,3.35,18,1,1,0,1
6449,11,31,30,1,0,29,1.81,16,0,0,1,0
4521,19,38,37,3,0,34,3.33,16,4,2,0,1
3019,10,27,26,1,1,24,2.08,3,4,2,1,0
6260,22,1,0,0,0,0,0.71,0,3,0,1,0
5836,17,6,5,0,0,5,0.27,0,0,0,1,0
4915,14,43,42,5,3,34,6.09,2,0,0,1,1
4528,11,37,36,0,0,36,1.22,1,2,2,1,0
3347,25,10,9,0,1,8,0.37,1,2,0,1,0
3491,24,18,17,7,2,8,2.44,19,1,0,0,1
3530,2,9,8,0,3,5,0.21,0,2,1,1,0
3456,14,44,43,2,1,40,5.3,10,1,0,0,0
6403,17,3,2,0,1,1,0.01,0,3,2,0,1
4745,5,1,0,0,0,0,0.38,0,3,3,1,0
4756,15,22,21,2,3,16,2.8,10,5,0,0,0
6481,10,33,32,6,1,25,6.72,20,0,0,1,1
6425,9,11,10,0,2,8,1.34,0,0,0,0,0
3587,12,37,36,4,0,32,3.41,3,0,0,1,1
4522,1,46,45,6,1,38,9.29,13,4,3,1,1
3532,6,38,37,3,1,33,2.05,3,2,0,1,1
4187,16,12,11,0,3,8,0.45,0,3,2,0,0
6282,6,6,5,2,0,3,5.5,0,1,0,0,1
5216,4,37,36,3,3,30,1.35,8,0,0,1,1
5557,3,38,37,2,0,35,8.09,19,0,0,1,1
5327,3,28,27,3,1,23,11.39,0,3,2,1,1
5650,21,36,35,0,0,35,1.34,0,2,0,1,0
4477,10,5,4,4,0,0,8.45,2,3,0,1,1
5343,20,36,35,1,0,34,6.11,7,0,0,1,0
4741,18,27,26,6,2,18,11.48,5,4,0,0,1
4769,21,12,11,2,1,8,3.23,13,5,0,1,1
3192,20,48,47,3,2,42,6.34,18,0,0,1,0
5711,6,5,4,0,1,3,1.07,0,2,1,1,0
6296,18,13,12,2,0,10,5.91,1,5,0,1,0
3708,26,6,5,2,0,3,9.6,15,0,0,1,1
4064,18,15,14,4,1,9,10.08,11,2,0,1,1
4130,3,38,37,4,2,31,11.38,10,4,3,1,1
6710,8,1,0,0,0,0,0.37,0,2,2,1,0
6432,28,26,25,6,1,18,6.97,4,2,2,0,1
6021,6,5,4,3,1,0,7.3,13,4,2,1,1
3887,4,41,40,6,2,32,7.39,13,5,2,1,1
6484,10,26,25,4,1,20,10.55,9,2,2,1,1
5844,14,7,6,2,1,3,7.62,4,3,0,0,0
4335,12,31,30,6,2,22,11.11,3,2,1,1,0
3932,10,20,19,5,0,14,1.45,14,2,2,1,0
4370,24,29,28,1,1,26,9.09,13,3,3,0,0
5642,21,38,37,7,0,30,10.58,16,4,3,1,1
3340,24,33,32,1,1,30,8.65,14,0,0,1,1
4284,19,14,13,2,2,9,3.09,3,1,1,1,0
4023,26,33,32,2,1,29,7.8,16,1,0,1,0
3116,22,38,37,0,3,34,0.62,0,2,2,1,0
5346,21,41,40,5,3,32,11.68,17,3,0,0,1
6718,2,32,31,3,2,26,1.35,18,1,0,1,0
4363,9,1,0,0,0,0,0.44,0,3,2,1,0
6090,12,18,17,2,1,14,3.33,8,4,0,1,0
5190,1,36,35,2,0,33,4.06,13,5,0,1,1
5530,18,13,12,6,0,6,6.05,7,2,0,1,1
6425,3,21,20,3,3,14,4.14,7,4,2,1,1
6381,15,16,15,5,0,10,8.3,12,0,0,1,0
4368,26,46,45,1,3,41,1.7,2,3,2,1,1
6443,13,41,40,0,0,40,0.55,0,5,1,0,0
3467,20,13,12,0,3,9,0.37,0,3,1,1,0
4121,7,37,36,7,2,27,4.73,1,2,1,1,1
5561,14,39,38,2,2,34,2.25,12,1,0,1,0
3400,23,14,13,7,0,6,6.44,19,1,1,1,1
6862,19,34,33,7,2,24,8.28,19,4,0,0,1
6868,1,13,12,1,1,10,4.08,1,1,0,1,0
6657,2,31,30,2,1,27,11.54,7,2,2,0,1
3878,16,5,4,0,3,1,0.74,1,5,0,1,0
3270,28,15,14,1,3,10,11.79,19,5,2,1,1
5226,5,41,40,2,1,37,5.8,15,2,0,1,0
4607,23,36,35,0,2,33,0.65,0,2,1,1,0
5166,23,4,3,3,0,0,3.2,13,0,0,1,0
5920,16,18,17,0,0,17,0.79,0,0,0,1,0
5103,20,44,43,6,0,37,7.34,10,4,1,0,1
6139,17,26,25,5,3,17,11.78,0,1,1,1,1
5469,9,16,15,3,3,9,11.8,12,3,2,1,1
4106,16,9,8,5,0,3,1.62,11,1,0,0,0
6876,24,31,30,6,3,21,11.81,19,2,0,1,1
5801,23,37,36,3,1,32,1.29,3,2,1,0,0
6435,11,33,32,1,0,31,7.62,12,3,0,0,1
4105,26,2,1,0,1,0,1.2,0,3,3,1,1
5225,13,19,18,6,1,11,11.16,18,5,0,1,1
5428,12,26,25,7,1,17,6.54,6,5,0,1,0
6091,3,28,27,1,0,26,6.83,16,4,2,1,1
5197,28,18,17,1,0,16,8.91,10,0,0,1,1
4149,8,41,40,1,3,36,4.05,8,4,2,1,0
3355,23,41,40,1,3,36,8.35,17,3,1,1,1
6053,13,15,14,2,1,11,7.91,14,3,3,1,1
4882,18,46,45,2,0,43,11.86,12,0,0,1,0
6666,12,13,12,6,1,5,2.25,6,2,0,0,1
3878,25,19,18,1,1,16,5.0,17,1,0,0,0
5612,17,18,17,1,2,14,8.83,18,5,1,0,1
6607,5,11,10,2,3,5,10.85,7,2,0,1,1
6387,20,19,18,1,0,17,1.98,15,0,0,1,1
5717,7,22,21,5,0,16,5.04,1,3,2,0,0
4481,11,9,8,4,3,1,5.83,5,1,1,0,1
4090,27,29,28,0,3,25,0.99,0,4,3,1,1
5959,22,40,39,4,3,32,8.95,17,5,0,1,1
5402,27,9,8,5,3,0,11.12,5,4,0,1,1
3055,19,17,16,3,1,12,5.26,11,2,0,1,1
4431,18,26,25,0,0,25,1.21,0,3,1,1,0
4247,22,21,20,4,3,13,1.64,3,5,3,0,1
4697,25,14,13,7,0,6,10.49,12,2,2,1,1
4675,12,6,5,4,1,0,6.13,13,5,0,1,1
6985,22,17,16,2,0,14,4.59,3,1,0,1,0
4955,19,5,4,3,0,1,6.78,3,4,2,0,1
5876,4,24,23,3,1,19,2.01,17,0,0,1,1
4860,21,2,1,1,0,0,3.32,1,1,1,0,0
5849,19,28,27,4,1,22,1.9,2,0,0,1,0
3260,3,7,6,3,1,2,1.99,8,2,1,1,0
6641,22,7,6,0,3,3,1.01,0,4,1,1,1
3705,21,41,40,1,1,38,8.91,14,1,1,0,0
3581,6,30,29,6,3,20,11.84,15,1,0,1,1
5188,12,32,31,2,2,27,1.6,19,4,1,1,1
5371,9,41,40,5,2,33,8.84,16,1,0,1,1
6981,6,15,14,7,1,6,9.29,20,4,1,1,1
3362,22,26,25,7,1,17,6.3,13,4,1,0,1
5347,8,26,25,4,1,20,10.47,1,3,1,1,0
3242,7,45,44,5,1,38,8.3,0,0,0,1,0
5446,28,28,27,2,2,23,7.53,15,4,1,1,1
5663,4,2,1,1,0,0,5.84,0,0,0,0,1
5020,1,9,8,7,1,0,3.08,3,0,0,1,0
6645,17,44,43,0,0,43,1.49,0,3,3,1,1
6440,10,43,42,1,1,40,1.68,14,4,3,1,0
3476,12,30,29,5,0,24,10.29,12,5,3,1,1
4372,8,25,24,4,0,20,9.68,8,4,1,1,1
6973,27,20,19,0,2,17,1.49,0,0,0,1,1
5243,18,19,18,3,2,13,3.85,19,2,0,0,0
4748,15,23,22,6,3,13,8.61,0,2,1,0,1
6447,13,21,20,0,2,18,0.77,0,3,2,1,0
6283,23,11,10,7,3,0,1.03,0,2,2,0,1
3308,2,46,45,7,1,37,11.99,10,5,3,1,1
4898,17,8,7,6,1,0,4.37,19,1,0,1,1
3632,18,7,6,4,1,1,1.15,13,2,0,1,0
4425,21,13,12,4,1,7,1.84,2,5,2,0,1
6238,21,41,40,7,2,31,6.36,5,4,2,1,1
5804,23,39,38,2,0,36,11.55,15,5,3,1,1
4090,19,23,22,2,0,20,7.01,14,5,2,1,1
3742,15,37,36,1,0,35,5.6,13,2,2,1,0
5756,21,15,14,3,1,10,4.89,17,0,0,1,1
4438,13,13,12,5,3,4,5.97,8,3,3,1,1
6770,14,15,14,3,2,9,5.96,17,2,0,1,0
6706,24,47,46,7,3,36,1.31,20,2,2,1,1
3052,24,19,18,6,3,9,8.28,10,0,0,1,1
5993,4,46,45,2,3,40,8.1,1,4,0,1,1
4520,3,27,26,3,3,20,7.59,14,3,3,1,1
3245,12,4,3,1,1,1,2.92,13,4,0,1,0
5333,27,46,45,3,1,41,9.95,7,4,0,1,1
4360,26,17,16,5,0,11,5.84,15,3,3,1,1
3666,14,46,45,7,3,35,9.51,6,0,0,1,0
5255,23,41,40,3,3,34,6.15,14,1,0,1,1
3939,10,20,19,2,3,14,2.87,15,0,0,1,1
5378,4,39,38,0,0,38,0.58,0,2,2,1,0
4135,4,34,33,1,2,30,6.4,6,5,2,1,0
6309,18,33,32,6,1,25,8.61,4,5,3,0,1
5545,12,20,19,0,1,18,1.03,0,4,0,1,1
3664,27,32,31,0,2,29,0.37,0,1,1,1,0
5894,17,29,28,2,1,25,1.28,16,5,3,0,1
5725,8,21,20,1,0,19,11.7,12,1,1,1,1
3594,3,39,38,2,1,35,8.04,16,0,0,1,0
4927,7,24,23,3,1,19,5.85,2,0,0,1,0
6918,8,45,44,1,0,43,11.01,1,1,0,1,0
6200,17,20,19,4,0,15,2.76,10,2,1,1,1
6247,17,8,7,0,0,7,0.55,0,0,0,1,0
5471,3,30,29,7,1,21,1.06,14,4,1,1,1
6804,23,21,20,3,0,17,5.84,10,0,0,0,1
5080,27,29,28,3,3,22,7.61,12,0,0,1,0
4576,24,34,33,1,1,31,9.67,14,4,1,1,1
5866,19,21,20,7,0,13,2.66,9,3,2,1,1
4593,27,5,4,0,3,1,1.39,0,4,2,1,1
5464,22,40,39,2,2,35,11.72,4,3,0,0,1
3047,27,8,7,2,3,2,6.89,4,4,0,1,0
6934,25,26,25,3,0,22,10.55,8,5,2,1,1
3558,16,24,23,7,3,13,11.65,18,1,0,1,1
5175,8,28,27,6,0,21,3.58,13,3,0,1,1
4456,17,43,42,6,0,36,6.99,17,5,1,0,1
3713,25,21,20,2,3,15,6.11,10,4,2,1,1
6150,1,25,24,3,3,18,2.69,10,1,0,1,0
5111,24,41,40,7,2,31,10.18,19,5,2,0,1
5663,3,45,44,7,1,36,6.35,11,4,3,1,1
3532,28,1,0,0,0,0,1.42,0,1,0,0,0
4197,1,29,28,0,0,28,1.19,1,4,3,1,0
3715,27,38,37,1,3,33,3.15,7,0,0,1,0
4555,28,12,11,5,0,6,11.47,0,3,2,1,1
5430,25,18,17,5,0,12,5.98,7,0,0,1,1
3647,11,41,40,3,0,37,3.37,4,3,0,0,0
5696,19,8,7,6,1,0,11.91,11,2,1,1,1
4925,16,20,19,5,1,13,11.29,17,1,1,1,1
3007,27,2,1,1,0,0,1.84,6,0,0,1,1
5918,22,37,36,7,0,29,2.34,16,0,0,1,1
6754,20,21,20,0,3,17,0.56,0,3,0,0,0
6918,11,35,34,4,3,27,9.64,14,3,0,1,1
3179,5,12,11,4,2,5,4.98,1,5,1,1,1
6352,18,28,27,3,2,22,3.43,14,2,2,1,1
4390,15,28,27,4,2,21,2.63,3,3,0,1,0
3235,3,36,35,3,3,29,9.14,16,5,2,0,1
6175,3,6,5,2,3,0,6.18,13,5,1,0,1
5230,24,3,2,0,1,1,1.21,1,2,0,1,0
5585,7,2,1,1,0,0,10.32,6,5,1,1,0
4943,12,17,16,1,3,12,10.87,10,3,0,1,0
6436,7,28,27,3,2,22,11.46,4,1,1,1,1
3352,9,25,24,1,3,20,2.46,7,5,0,1,1
6539,18,14,13,0,3,10,1.45,0,5,3,1,0
6221,13,6,5,0,0,5,0.35,0,3,2,1,1
3355,14,16,15,0,2,13,0.45,0,0,0,1,0
5481,4,41,40,1,1,38,7.83,14,2,1,1,0
5310,21,45,44,1,3,40,6.08,19,1,0,0,1
3914,6,25,24,2,0,22,10.47,15,4,2,1,1
3850,14,12,11,6,2,3,8.95,14,1,1,0,1
4469,28,43,42,0,0,42,1.38,0,1,0,1,0
3101,11,37,36,3,2,31,11.77,6,2,2,1,0
5902,18,26,25,6,2,17,7.37,1,4,3,0,1
3775,9,15,14,6,3,5,3.28,6,2,1,1,1
6414,6,37,36,4,2,30,7.03,1,2,2,0,1
6805,9,17,16,0,1,15,1.11,1,3,1,1,1
6251,24,13,12,6,2,4,6.72,17,3,1,1,1
4553,22,48,47,6,0,41,4.53,3,0,0,0,0
3384,15,8,7,0,2,5,0.6,0,5,3,1,1
4705,24,7,6,4,2,0,7.12,17,3,1,1,0
4516,28,35,34,7,3,24,3.63,1,1,0,0,1
5388,9,26,25,2,1,22,6.94,9,2,0,1,1
3597,13,31,30,0,3,27,0.3,1,5,3,0,1
6383,8,17,16,0,0,16,1.46,0,5,0,0,1
5331,23,48,47,1,2,44,2.29,4,1,1,1,0
4069,15,44,43,6,3,34,8.91,16,1,1,1,1
3806,13,21,20,7,3,10,10.45,4,3,1,0,1
5373,4,11,10,1,1,8,4.04,17,0,0,0,0
3232,15,3,2,2,0,0,10.57,2,4,1,1,0
6202,20,5,4,4,0,0,4.67,11,5,1,0,1
5417,13,35,34,0,1,33,0.2,0,5,1,0,0
4510,25,10,9,6,1,2,1.68,20,3,2,1,1
5237,8,46,45,7,2,36,5.51,15,2,2,1,1
3997,17,19,18,1,3,14,1.1,14,0,0,1,1
6251,21,3,2,1,1,0,4.22,7,1,1,0,1
3619,4,9,8,5,0,3,7.89,18,2,0,1,1
6141,27,18,17,4,0,13,7.48,19,0,0,0,1
6780,23,27,26,1,3,22,2.69,16,3,3,1,1
6583,22,7,6,2,3,1,8.12,5,5,0,0,1
3293,27,11,10,0,2,8,0.63,1,5,0,1,0
5006,17,13,12,5,2,5,9.51,18,0,0,0,1
5644,23,44,43,2,3,38,7.63,1,4,2,1,0
6594,19,35,34,0,3,31,0.54,0,3,0,1,0
4262,10,29,28,4,3,21,2.69,10,4,3,0,1
6944,15,36,35,7,2,26,5.29,10,5,2,1,1
5330,22,25,24,5,0,19,2.35,3,1,0,1,0
5789,5,1,0,0,0,0,1.43,0,3,0,1,0
4090,28,32,31,5,1,25,2.97,10,3,1,1,1
6943,16,38,37,3,2,32,4.05,17,4,2,0,1
6745,16,27,26,4,2,20,4.53,8,1,0,1,1
5775,9,35,34,1,0,33,6.85,0,4,2,1,0
5155,6,40,39,3,0,36,2.83,20,2,1,1,0
6799,28,1,0,0,0,0,0.53,1,2,0,1,0
4223,15,30,29,5,2,22,6.76,10,3,2,1,1
3355,12,6,5,2,3,0,5.71,3,5,1,1,1
3178,20,18,17,3,1,13,7.82,5,2,1,1,1
4816,10,6,5,3,0,2,6.2,18,4,0,1,1
3300,20,35,34,5,3,26,4.54,7,2,2,0,1
5829,4,22,21,4,1,16,11.99,12,0,0,1,1
5210,8,9,8,7,0,1,6.13,10,2,2,1,0
6049,11,36,35,6,1,28,8.82,19,3,2,0,1
4804,28,1,0,0,0,0,0.36,0,2,0,1,0
5063,27,10,9,2,1,6,4.01,19,5,3,1,0
3804,22,24,23,0,1,22,0.94,0,3,2,1,0
3699,26,46,45,6,1,38,2.88,20,4,0,1,1
5300,15,22,21,0,3,18,1.42,0,5,0,0,0
6522,11,42,41,6,0,35,6.32,8,0,0,1,0
4451,25,26,25,1,1,23,11.27,0,1,0,1,0
3435,4,37,36,6,3,27,8.42,9,5,2,1,0
5844,18,16,15,2,3,10,1.91,5,0,0,1,1
6427,18,13,12,4,0,8,1.99,8,4,1,1,0
5458,17,28,27,0,2,25,0.83,0,1,1,1,0
4314,11,5,4,2,0,2,6.48,10,2,0,1,0
4238,6,31,30,2,2,26,9.19,13,0,0,0,1
3521,19,1,0,0,0,0,0.84,0,5,1,1,1
4789,13,39,38,5,0,33,2.5,9,1,1,1,0
6829,14,21,20,1,1,18,7.74,18,3,3,0,1
4378,23,19,18,6,0,12,2.37,12,4,3,0,1
3054,1,10,9,5,3,1,8.39,10,0,0,1,1
6202,19,35,34,2,1,31,10.45,13,2,1,1,1
4539,12,34,33,6,0,27,6.01,1,4,0,0,0
6998,25,17,16,7,3,6,8.61,8,5,2,1,1
3889,27,15,14,3,1,10,8.22,4,0,0,1,0
5002,27,31,30,0,3,27,1.45,0,0,0,1,0
4969,6,40,39,3,1,35,5.7,7,2,1,0,0
3496,2,40,39,1,0,38,11.16,4,0,0,0,0
3375,5,38,37,1,0,36,6.86,17,3,1,1,0
4699,17,20,19,5,3,11,5.62,17,1,0,1,1
4707,18,47,46,2,2,42,6.28,18,1,0,1,1
5350,24,7,6,1,0,5,8.75,7,2,2,0,1
4737,22,41,40,4,0,36,10.91,7,0,0,1,1
3932,20,46,45,3,0,42,6.78,9,0,0,1,0
3666,5,1,0,0,0,0,1.21,1,5,0,1,0
3362,5,47,46,7,2,37,2.85,13,1,1,1,1
4516,24,12,11,7,3,1,8.9,3,2,2,0,1
6605,7,46,45,3,1,41,8.5,10,1,1,0,0
3311,7,16,15,1,0,14,5.85,0,0,0,1,1
6906,23,12,11,2,1,8,1.94,16,4,3,1,1
3508,19,8,7,7,0,0,7.29,6,2,1,0,1
6653,25,10,9,7,0,2,10.74,13,4,0,0,1
6937,18,45,44,4,1,39,8.74,14,0,0,1,1
5596,6,23,22,3,0,19,2.0,1,5,2,1,1
6196,14,36,35,7,1,27,1.54,18,0,0,1,0
4877,4,1,0,0,0,0,0.39,0,0,0,1,0
6384,10,5,4,1,2,1,7.01,18,1,1,1,1
4315,16,42,41,6,0,35,2.74,1,1,0,0,1
4868,1,28,27,2,3,22,3.14,5,4,0,1,1
4297,17,29,28,4,3,21,5.18,7,4,1,0,1
6298,17,47,46,2,0,44,11.24,1,4,3,0,0
4749,25,29,28,2,3,23,5.27,15,5,1,1,0
4367,24,19,18,7,3,8,8.2,12,1,1,1,1
6811,7,11,10,0,3,7,0.03,0,0,0,1,0
6670,16,26,25,1,3,21,8.6,11,2,0,1,0
4420,13,31,30,0,0,30,0.92,1,3,2,0,0
5689,25,31,30,1,2,27,2.19,12,2,2,1,0
4558,26,43,42,3,0,39,8.82,6,4,1,1,0
3430,24,26,25,1,0,24,4.37,0,1,0,1,0
4707,20,46,45,7,3,35,9.29,13,4,2,1,1
5166,21,31,30,6,3,21,8.02,11,3,2,1,1
5435,6,17,16,0,3,13,0.58,0,0,0,1,1
6804,24,34,33,0,3,30,0.49,0,1,1,1,0
5363,17,37,36,2,1,33,11.08,12,3,2,0,1
5612,14,4,3,1,1,1,8.64,11,2,0,1,0
6744,16,45,44,6,3,35,6.06,9,2,0,0,1
6577,4,3,2,1,1,0,1.83,8,4,2,0,1
4979,20,25,24,1,3,20,4.84,12,2,1,0,1
6604,2,27,26,0,3,23,0.81,0,0,0,0,1
5754,27,48,47,4,0,43,10.85,14,1,0,1,1
3321,28,36,35,7,1,27,4.41,7,5,2,1,1
5436,23,47,46,0,3,43,0.43,0,4,1,1,0
3216,15,38,37,6,0,31,1.11,18,4,2,0,1
4038,8,24,23,6,1,16,1.81,6,0,0,1,1
5136,25,32,31,3,2,26,7.32,14,5,3,1,1
6253,13,1,0,0,0,0,1.16,0,1,0,1,0
4227,14,9,8,2,1,5,5.44,19,4,2,1,1
6662,22,11,10,1,0,9,3.97,4,1,1,1,0
4638,6,21,20,2,1,17,9.35,14,4,0,1,1
3415,15,18,17,6,3,8,6.94,2,0,0,1,1
6453,7,37,36,6,3,27,1.48,8,2,1,1,1
6618,15,21,20,5,0,15,10.37,5,5,1,0,1
6309,10,37,36,3,3,30,2.22,1,5,3,1,1
5521,25,45,44,7,3,34,10.42,17,0,0,1,1
5733,5,28,27,4,0,23,11.63,8,1,0,1,0
3650,3,27,26,0,2,24,0.79,1,4,2,1,0
4357,12,20,19,5,0,14,6.73,5,0,0,1,0
6457,5,14,13,7,2,4,5.37,18,3,3,1,1
5040,5,45,44,6,0,38,8.26,18,4,3,0,1
5423,8,5,4,0,0,4,0.25,0,2,1,1,0
3602,28,19,18,7,2,9,4.45,13,4,1,1,0
5478,8,27,26,3,2,21,3.09,4,1,0,0,1
6756,21,14,13,7,1,5,9.97,16,1,0,0,1
3566,27,25,24,3,1,20,2.73,18,2,0,0,1
3031,24,29,28,1,3,24,10.08,3,1,0,1,0
3712,25,7,6,0,0,6,0.19,0,5,3,0,0
5989,5,45,44,4,2,38,9.15,9,5,3,1,0
5127,28,25,24,2,1,21,4.71,2,5,2,0,0
5231,17,23,22,2,1,19,8.48,3,1,0,1,0
5380,23,24,23,0,2,21,1.07,0,3,1,0,0
4680,5,27,26,0,2,24,1.27,0,1,1,1,0
4530,20,45,44,4,2,38,5.97,5,0,0,1,0
4638,19,18,17,4,2,11,4.77,14,4,2,1,1
5654,28,33,32,1,3,28,2.86,9,5,2,1,1
5706,14,31,30,7,1,22,2.67,9,1,1,1,1
4100,2,14,13,7,0,6,8.88,7,0,0,1,1
5205,22,17,16,7,2,7,11.75,9,4,1,1,1
3771,10,22,21,1,0,20,6.02,14,5,3,0,1
3497,16,29,28,2,2,24,4.43,19,1,0,1,1
4355,25,36,35,6,2,27,4.28,14,3,3,0,1
5113,16,35,34,1,1,32,8.38,19,5,1,1,1
6673,27,13,12,1,0,11,6.18,1,4,1,1,0
5124,3,3,2,2,0,0,5.25,4,1,0,1,1
4788,27,47,46,6,3,37,2.87,15,1,0,1,1
5015,9,1,0,0,0,0,1.22,0,3,2,1,0
3686,8,27,26,6,0,20,4.34,16,3,1,0,1
3609,12,37,36,1,1,34,11.64,4,1,1,1,1
3854,20,44,43,5,2,36,10.36,20,2,0,1,1
6808,13,4,3,0,0,3,1.13,0,2,2,1,0
3390,7,37,36,5,2,29,5.08,19,5,1,1,1
4435,16,26,25,4,0,21,10.36,6,4,3,1,1
5474,12,10,9,3,3,3,2.21,0,4,2,1,0
3535,13,42,41,3,0,38,3.53,2,4,0,1,1
5518,9,17,16,2,2,12,2.4,19,5,1,1,0
6192,9,48,47,5,0,42,9.06,1,4,0,1,1
4784,18,26,25,7,0,18,11.47,15,2,1,1,1
3132,15,1,0,0,0,0,0.25,0,1,1,1,0
6741,5,29,28,5,1,22,11.03,0,1,0,1,1
3964,4,40,39,4,3,32,7.82,9,4,0,1,1
3882,2,23,22,0,0,22,0.33,0,1,1,1,1
4785,9,10,9,4,0,5,2.96,14,3,3,0,1
4820,8,21,20,1,0,19,3.93,1,5,0,1,0
4384,26,7,6,4,1,1,10.89,16,1,1,0,1
4786,7,22,21,2,2,17,9.94,11,0,0,1,1
6348,19,17,16,0,3,13,0.38,0,1,0,1,0
5251,7,13,12,5,3,4,7.66,3,2,0,1,1
5416,27,16,15,5,2,8,4.93,4,0,0,0,1
6137,2,10,9,4,0,5,7.99,3,1,1,0,1
4761,10,30,29,0,1,28,0.45,0,1,0,1,0
4458,13,23,22,7,1,14,3.69,1,4,0,0,1
4163,7,10,9,4,0,5,3.56,9,2,2,1,1
6606,14,7,6,1,1,4,3.57,20,1,0,1,1
3414,11,32,31,7,3,21,10.18,0,0,0,1,1
5502,23,14,13,7,0,6,6.06,18,2,2,1,1
6434,7,10,9,1,1,7,1.12,9,1,1,1,1
6038,5,46,45,7,3,35,4.83,15,5,1,0,1
6560,17,7,6,1,2,3,1.55,17,4,3,1,1
3797,4,11,10,0,0,10,0.24,0,3,1,0,0
5661,12,27,26,5,3,18,3.88,16,4,1,0,0
4932,24,4,3,1,2,0,9.9,3,4,2,0,1
3744,28,28,27,4,0,23,8.85,5,0,0,1,0
6180,6,25,24,3,0,21,9.3,9,3,2,0,1
5683,6,45,44,7,3,34,11.73,17,1,0,1,1
6026,15,37,36,2,0,34,6.06,5,1,1,1,0
5470,14,26,25,1,2,22,7.23,12,4,3,1,0
3759,15,26,25,5,1,19,5.23,13,1,0,1,0
6541,17,11,10,5,2,3,1.47,6,4,3,1,1
4806,8,31,30,6,2,22,3.92,15,3,1,1,1
3007,24,1,0,0,0,0,0.25,1,4,2,0,0
6808,15,48,47,0,3,44,0.63,0,4,1,1,0
4185,17,33,32,3,1,28,7.61,5,4,1,1,0
4833,17,13,12,1,3,8,4.01,12,2,0,0,1
4875,13,13,12,0,2,10,0.27,0,2,2,1,1
3636,8,48,47,0,3,44,1.08,0,5,3,1,0
5342,15,38,37,0,1,36,0.99,0,1,0,1,0
3210,1,43,42,4,1,37,10.86,13,5,2,1,1
5380,19,21,20,4,0,16,4.53,10,2,2,0,0
6095,27,21,20,4,1,15,3.55,13,0,0,1,1
4053,17,15,14,7,2,5,7.62,4,2,1,1,1
6263,25,18,17,7,2,8,8.3,11,3,2,0,1
6619,11,43,42,4,1,37,1.61,5,4,2,1,0
6023,9,44,43,6,3,34,1.25,8,1,1,1,1
6087,11,5,4,4,0,0,11.12,9,3,0,1,1
3350,12,9,8,7,0,1,1.56,3,2,0,0,1
6551,12,14,13,5,3,5,8.2,10,0,0,0,1
4298,4,18,17,1,2,14,9.49,3,1,0,1,1
5276,17,44,43,6,3,34,3.41,2,2,1,0,1
3730,21,18,17,3,3,11,2.88,6,1,0,0,0
3002,22,23,22,6,0,16,2.02,10,0,0,0,1
3198,18,11,10,6,2,2,11.84,2,0,0,0,1
6880,26,46,45,1,0,44,1.58,1,2,2,1,0
4432,6,46,45,6,0,39,3.32,4,2,1,1,0
6594,13,2,1,1,0,0,2.01,3,3,2,0,0
3311,24,20,19,0,1,18,0.85,0,0,0,0,0
6129,14,10,9,0,3,6,0.7,0,0,0,0,1
6306,7,23,22,2,2,18,11.2,3,3,1,1,1
5772,21,18,17,7,1,9,1.8,11,0,0,0,1
3960,21,6,5,3,2,0,7.48,7,4,2,0,1
6594,23,36,35,0,3,32,1.23,0,0,0,1,0
4675,26,20,19,3,3,13,9.56,17,0,0,1,1
3717,22,42,41,5,1,35,10.11,18,2,2,1,1
4493,14,23,22,6,0,16,1.89,4,5,3,1,0
6828,26,24,23,6,2,15,10.88,16,5,3,0,1
5838,20,11,10,7,0,3,5.1,15,1,1,1,0
6256,24,29,28,7,0,21,3.25,2,1,0,1,1
4837,4,42,41,7,0,34,10.69,11,3,0,1,1
3117,17,28,27,0,1,26,0.45,0,0,0,1,0
5043,14,2,1,1,0,0,3.81,13,1,0,1,1
6882,5,4,3,2,0,1,5.4,4,3,3,1,1
5734,19,4,3,3,0,0,7.93,4,5,3,0,1
4088,5,6,5,5,0,0,9.63,17,0,0,0,1
3139,3,13,12,7,1,4,5.36,2,3,2,1,1
4036,10,38,37,7,0,30,10.91,5,5,2,1,1
6011,7,38,37,3,0,34,1.5,3,3,2,1,0
6615,9,1,0,0,0,0,0.27,0,1,0,0,0
5331,14,43,42,6,3,33,7.17,17,0,0,1,1
4226,3,13,12,6,1,5,3.07,8,1,0,1,1
6408,1,20,19,0,1,18,0.12,0,1,0,0,0
7000,19,3,2,2,0,0,11.73,18,4,3,1,1
5535,7,12,11,2,0,9,2.27,10,5,0,1,1
6818,9,45,44,3,0,41,5.2,19,4,2,1,0
5101,28,15,14,6,3,5,5.0,16,2,1,1,1
6336,10,11,10,0,0,10,0.68,0,2,2,0,1
3758,7,10,9,2,3,4,8.85,7,3,2,0,1
6914,24,13,12,7,3,2,3.9,14,0,0,0,1
5489,12,15,14,0,1,13,0.49,0,4,1,1,0
3325,13,28,27,4,0,23,9.27,17,4,0,1,1
4397,28,10,9,1,2,6,7.23,2,2,2,1,1
5389,23,26,25,3,2,20,10.85,17,5,0,1,1
3065,27,44,43,6,3,34,4.96,16,1,0,1,1
5127,13,48,47,0,2,45,0.15,1,0,0,1,0
3233,26,12,11,3,0,8,4.64,8,2,2,1,1
5401,11,46,45,0,0,45,0.21,0,4,2,1,0
5329,20,33,32,0,3,29,0.67,1,4,3,1,1
4164,8,36,35,2,3,30,1.16,20,1,0,1,1
6058,20,6,5,5,0,0,2.56,9,4,3,0,1
4669,20,28,27,7,3,17,2.99,5,2,2,1,1
3861,15,37,36,7,0,29,4.89,5,3,0,1,0
5931,14,22,21,1,1,19,7.95,12,4,2,1,1
3428,23,45,44,6,3,35,11.85,15,0,0,1,1
3418,11,1,0,0,0,0,0.1,0,2,1,0,0
4254,1,29,28,0,2,26,0.2,0,2,1,1,1
5813,24,15,14,0,1,13,1.49,0,4,1,1,0
5384,2,37,36,3,0,33,5.77,7,4,0,1,1
6914,23,2,1,0,0,1,1.24,1,0,0,1,0
6133,20,34,33,7,0,26,10.78,12,5,1,1,1
5554,28,26,25,5,0,20,1.17,3,5,3,1,0
3031,19,25,24,1,1,22,8.56,10,5,2,1,0
5461,14,42,41,4,2,35,10.41,1,2,0,1,1
6256,6,35,34,5,0,29,9.36,17,0,0,0,1
3900,6,41,40,5,2,33,3.08,14,4,0,1,1
3192,6,22,21,3,1,17,10.58,2,3,2,0,1
3881,21,6,5,3,1,1,3.66,18,0,0,1,1
4753,1,48,47,5,3,39,8.4,17,2,2,1,0
4644,27,41,40,6,3,31,4.69,11,1,0,1,1
3215,14,28,27,1,3,23,2.17,1,1,0,1,0
4046,5,13,12,2,2,8,2.71,14,5,3,1,0
5452,7,43,42,0,1,41,1.21,0,1,0,0,0
4508,3,3,2,2,0,0,7.1,15,5,0,0,0
4836,8,18,17,7,3,7,10.41,16,5,2,1,1
5810,17,16,15,0,1,14,1.04,0,3,2,0,1
4683,15,34,33,6,3,24,8.49,4,0,0,0,1
6451,25,29,28,6,2,20,10.9,13,4,1,1,1
4843,28,7,6,4,1,1,3.92,16,1,0,0,1
5775,12,25,24,1,2,21,8.68,3,1,0,0,0
5006,6,38,37,7,1,29,7.51,16,0,0,0,1
3566,1,7,6,6,0,0,8.09,15,1,0,1,1
4091,27,35,34,3,0,31,1.44,6,2,0,1,0
4847,7,15,14,2,3,9,3.52,6,2,0,1,0
4169,25,39,38,3,1,34,11.51,0,4,1,1,0
6216,14,21,20,7,1,12,9.33,14,2,0,1,1
4440,18,45,44,1,1,42,11.46,10,0,0,1,1
4124,25,32,31,5,2,24,7.81,16,1,0,1,1
6964,3,34,33,1,3,29,7.6,5,2,1,0,1
5120,4,38,37,5,1,31,7.06,19,1,1,1,1
3858,12,43,42,6,1,35,6.31,0,5,2,1,0
4114,17,14,13,5,3,5,11.84,5,0,0,1,1
3717,6,13,12,1,1,10,10.08,2,2,0,1,0
3135,14,29,28,7,2,19,11.62,10,5,2,1,1
4032,8,9,8,6,0,2,10.36,4,0,0,1,1
4411,20,36,35,2,0,33,8.58,1,5,0,1,1
5673,21,4,3,1,2,0,1.25,8,1,0,0,0
4689,8,42,41,4,3,34,11.36,19,1,1,1,0
4155,6,40,39,0,1,38,0.12,0,2,2,1,1
5587,23,44,43,1,3,39,11.19,20,1,1,1,1
6772,11,45,44,1,3,40,10.51,10,4,2,0,1
3146,15,2,1,0,1,0,0.35,1,5,3,0,0
5450,25,31,30,1,0,29,8.51,15,3,3,1,1
6394,22,21,20,5,1,14,9.77,12,5,2,1,1
6957,5,44,43,1,0,42,9.51,12,0,0,1,0
4362,19,40,39,5,3,31,8.69,6,2,2,0,1
6792,24,28,27,7,0,20,1.3,20,2,2,1,1
6294,12,37,36,3,1,32,2.09,0,1,1,0,1
5726,23,14,13,7,1,5,2.39,20,3,0,1,1
5775,18,43,42,7,1,34,2.53,16,4,3,1,1
5826,26,13,12,4,2,6,6.42,19,1,0,0,1
3837,26,33,32,4,2,26,1.42,14,1,1,1,1
3586,24,11,10,7,3,0,4.22,3,3,0,1,1
3086,24,46,45,6,2,37,5.26,14,0,0,1,1
6461,9,39,38,0,3,35,0.83,1,5,0,1,0
6809,21,39,38,0,2,36,0.86,0,1,1,1,1
6572,7,27,26,1,3,22,8.58,15,1,0,0,1
3676,6,31,30,5,2,23,3.5,7,4,2,1,1
6900,5,11,10,3,2,5,10.67,15,4,2,1,1
6988,7,35,34,1,1,32,9.15,14,5,1,1,1
5592,2,12,11,3,0,8,4.94,20,1,0,1,1
5224,8,21,20,4,1,15,1.12,7,4,1,0,1
5532,21,41,40,6,3,31,4.01,6,2,0,0,1
6000,15,22,21,6,3,12,1.05,9,1,1,1,1
3895,28,37,36,7,2,27,2.92,6,5,3,1,1
4033,11,6,5,3,2,0,11.47,14,0,0,1,1
3571,7,29,28,2,2,24,9.68,7,1,1,1,1
4807,16,31,30,0,2,28,0.09,0,3,3,0,0
6809,4,29,28,1,0,27,3.43,20,2,2,1,1
6713,6,5,4,2,0,2,8.71,5,0,0,1,1
4019,2,1,0,0,0,0,0.34,0,3,0,1,0
3927,22,3,2,1,1,0,7.25,5,3,3,1,1
3884,10,5,4,2,0,2,11.46,13,0,0,1,0
4387,10,44,43,2,0,41,11.37,15,3,3,0,1
5240,12,25,24,1,3,20,5.09,18,3,2,1,1
4575,14,20,19,2,3,14,10.33,19,4,3,1,1
4736,1,27,26,0,1,25,0.69,1,2,2,1,0
5159,13,27,26,5,0,21,4.31,13,1,0,0,0
6330,9,25,24,2,2,20,5.21,2,0,0,1,1
3544,7,46,45,0,0,45,0.25,0,5,0,1,0
3377,11,11,10,3,0,7,1.11,4,3,0,0,0
6567,6,40,39,3,1,35,7.41,13,2,2,1,1
3577,21,10,9,4,0,5,5.14,18,5,2,1,0
3086,24,48,47,5,0,42,4.47,18,4,0,1,1
3771,2,12,11,6,0,5,1.9,10,5,2,1,1
3805,2,39,38,7,3,28,1.53,0,1,1,0,1
6319,3,40,39,1,2,36,2.84,12,5,0,0,0
3602,16,14,13,7,3,3,4.03,7,3,3,1,1
5748,18,29,28,6,1,21,11.51,12,1,0,1,1
5360,12,32,31,5,0,26,2.24,3,4,0,0,1
3761,1,2,1,1,0,0,1.18,8,0,0,0,1
4145,12,9,8,7,0,1,9.13,15,4,3,1,1
5824,28,23,22,0,2,20,0.12,1,4,2,1,0
6581,14,23,22,6,0,16,3.5,8,3,1,1,1
4667,20,48,47,3,1,43,9.29,14,3,2,1,1
6518,19,38,37,1,0,36,7.65,12,5,0,1,1
3403,6,28,27,1,3,23,9.43,8,1,1,1,1
3216,8,7,6,5,1,0,1.03,16,4,1,1,1
4951,23,47,46,2,3,41,3.39,3,4,3,0,1
5256,17,3,2,1,1,0,7.88,17,1,1,1,0
6037,20,28,27,5,2,20,9.51,20,2,1,1,1
6796,14,6,5,2,3,0,3.77,19,5,2,1,1
6912,21,34,33,5,0,28,8.73,1,2,1,1,0
6331,16,41,40,2,3,35,2.7,9,3,0,1,0
5895,12,23,22,1,3,18,6.31,3,1,0,1,0
5993,14,15,14,7,3,4,6.24,1,5,1,1,1
4734,14,1,0,0,0,0,0.57,0,5,3,1,0
3864,7,32,31,1,1,29,7.05,2,1,1,1,0
5608,3,8,7,3,0,4,6.36,0,1,0,1,1
3284,28,9,8,4,0,4,3.77,10,2,1,1,0
5214,14,15,14,0,0,14,0.29,0,5,0,1,0
4498,11,40,39,4,3,32,4.39,13,5,2,1,1
5494,18,28,27,5,2,20,2.7,17,3,1,1,1
4227,28,31,30,6,0,24,6.53,20,3,2,1,1
5195,16,20,19,2,0,17,1.77,14,5,0,1,0
3192,12,18,17,7,1,9,5.32,15,4,1,1,1
5057,2,20,19,3,0,16,8.94,17,3,2,1,0
6394,19,32,31,4,2,25,5.21,6,5,2,1,0
6029,21,18,17,1,0,16,4.91,20,3,0,0,0
3328,2,7,6,1,1,4,7.14,9,4,3,0,1
5098,7,22,21,6,3,12,5.65,7,3,3,1,1
4507,12,2,1,1,0,0,10.46,6,1,1,1,1
5398,1,45,44,7,1,36,10.55,20,5,3,1,1
5312,8,26,25,7,2,16,7.44,9,0,0,1,1
5013,12,31,30,5,2,23,1.92,8,3,1,1,1
3847,8,5,4,3,1,0,10.09,5,5,3,1,1
6281,16,6,5,1,1,3,8.48,14,3,0,0,1
3596,8,38,37,2,2,33,3.16,8,5,1,1,1
4660,28,9,8,3,1,4,1.43,11,2,2,0,1
4213,13,14,13,5,0,8,11.79,20,0,0,1,1
3950,10,28,27,2,3,22,5.96,4,0,0,1,0
3502,23,29,28,6,3,19,8.85,16,5,0,1,1
4770,1,2,1,1,0,0,1.51,3,4,1,1,0
4385,27,28,27,2,2,23,11.47,18,5,2,1,0
3577,25,26,25,0,0,25,0.26,0,3,1,1,0
5800,15,18,17,2,1,14,5.8,6,2,1,0,0
4423,18,14,13,0,3,10,1.29,0,0,0,0,0
3062,2,6,5,5,0,0,8.55,10,0,0,1,1
3669,4,14,13,3,0,10,2.48,13,2,0,0,1
3059,20,16,15,1,2,12,1.79,20,3,1,1,1
3439,21,22,21,7,3,11,3.77,11,4,0,1,1
6121,15,40,39,2,3,34,4.37,9,0,0,1,1
6626,25,25,24,2,1,21,8.29,18,0,0,1,0
3234,24,18,17,4,2,11,8.72,12,3,3,1,1
3550,10,9,8,1,2,5,9.46,16,0,0,0,1
6513,2,2,1,0,0,1,0.21,1,5,3,1,0
4120,4,44,43,7,0,36,8.72,18,2,1,1,1
6407,4,47,46,7,3,36,2.6,15,5,0,1,1
4049,14,1,0,0,0,0,0.42,0,3,0,1,0
3569,6,28,27,1,3,23,4.29,14,2,2,1,0
5496,17,4,3,3,0,0,8.79,8,0,0,0,1
6951,6,22,21,5,1,15,6.64,10,2,2,1,1
5854,10,28,27,0,2,25,1.19,0,2,0,1,0
5806,22,40,39,1,3,35,9.73,3,3,3,1,1
3004,24,13,12,3,0,9,5.6,1,1,1,1,1
6898,21,23,22,3,2,17,5.65,4,2,1,1,1
3288,27,19,18,3,1,14,6.06,5,0,0,1,0
5065,19,46,45,7,3,35,7.84,14,5,0,1,1
3888,13,42,41,0,3,38,0.25,0,5,2,0,1
5737,20,12,11,0,1,10,0.98,0,4,3,1,0
6887,3,3,2,0,0,2,0.14,0,4,1,1,0
5776,22,23,22,3,0,19,11.34,6,5,0,1,1
4919,2,44,43,7,3,33,5.62,8,1,1,1,1
3228,11,6,5,0,3,2,0.53,0,4,1,0,1
3740,14,5,4,1,1,2,1.43,18,3,2,1,1
3242,5,39,38,6,2,30,7.37,12,4,0,0,1
3920,1,34,33,6,1,26,7.12,12,2,0,1,1
4336,6,9,8,0,0,8,0.04,0,0,0,1,0
3690,13,18,17,4,0,13,6.38,2,3,0,1,1
3499,21,6,5,1,0,4,6.69,11,0,0,1,1
6664,28,4,3,3,0,0,2.2,10,0,0,1,0
3355,4,10,9,1,0,8,4.51,1,3,2,0,0
4927,26,16,15,4,1,10,4.7,10,2,0,1,0
4335,1,48,47,7,3,37,11.26,14,0,0,1,1
4561,25,16,15,1,3,11,10.86,0,4,3,1,1
3476,27,37,36,1,3,32,4.61,12,1,0,1,0
5576,22,15,14,0,0,14,0.44,0,0,0,1,0
5797,20,35,34,1,3,30,5.36,18,2,2,0,1
6439,12,9,8,0,3,5,0.1,0,4,0,1,0
6926,24,48,47,2,3,42,1.11,9,1,0,0,1
6939,3,14,13,4,3,6,5.33,10,3,3,1,1
4120,21,44,43,1,0,42,4.16,11,3,1,1,0
5442,5,40,39,0,2,37,1.16,0,0,0,1,0
6667,17,14,13,4,3,6,9.36,5,0,0,1,1
4067,6,33,32,6,2,24,4.5,12,5,1,1,1
6102,17,14,13,6,2,5,8.42,6,0,0,1,1
4003,4,16,15,7,0,8,8.74,2,2,2,1,1
6465,21,41,40,2,3,35,6.24,15,2,0,1,0
6952,22,9,8,6,0,2,6.25,5,0,0,1,1
5468,27,39,38,4,3,31,1.1,6,5,0,0,1
6148,1,22,21,6,2,13,3.88,15,4,0,1,1
6493,5,4,3,1,1,1,6.33,19,0,0,0,1
3207,2,40,39,3,3,33,9.45,5,3,1,1,1
5736,17,8,7,6,0,1,7.42,6,3,2,1,1
6556,1,48,47,2,3,42,4.82,7,5,0,1,1
6726,26,23,22,1,1,20,6.15,2,5,2,1,0
3209,1,21,20,7,1,12,7.57,0,1,1,1,1
5473,17,20,19,6,2,11,2.8,14,2,2,1,1
5635,11,3,2,2,0,0,2.45,2,3,0,1,0
5973,2,45,44,3,3,38,6.07,16,3,0,1,1
3480,12,11,10,4,1,5,7.72,1,1,1,0,1
4587,7,19,18,6,0,12,2.33,15,0,0,1,1
5034,26,31,30,3,3,24,3.45,13,3,3,1,1
6596,20,3,2,0,2,0,0.51,1,4,2,1,0
3666,14,36,35,3,1,31,7.54,19,0,0,1,1
5130,28,13,12,2,3,7,4.16,7,2,0,0,1
3007,13,26,25,2,1,22,1.19,2,0,0,1,0
5509,18,31,30,4,1,25,3.48,13,2,0,1,0
3215,24,27,26,4,0,22,8.88,1,4,1,1,0
4465,1,8,7,7,0,0,9.36,8,2,0,1,1
5296,28,12,11,1,2,8,6.29,4,3,1,0,1
6153,14,45,44,0,1,43,0.49,0,2,1,0,0
4423,5,43,42,6,3,33,2.94,7,3,0,0,1
3112,9,12,11,5,3,3,3.5,17,2,0,0,1
4306,4,8,7,7,0,0,3.57,17,3,2,1,1
4331,9,3,2,0,0,2,0.56,0,5,2,1,0
3224,17,19,18,0,3,15,1.31,0,5,2,1,0
5868,24,15,14,0,1,13,1.13,0,5,2,0,1
4834,6,31,30,6,3,21,10.63,5,2,2,1,1
4151,5,13,12,2,3,7,1.23,17,2,0,1,1
3936,12,11,10,5,3,2,4.85,11,2,1,0,1
6668,22,22,21,3,0,18,11.7,4,5,1,1,1
3271,27,15,14,1,2,11,2.49,9,5,0,1,0
6169,2,20,19,0,3,16,0.57,0,0,0,1,0
3235,19,22,21,7,3,11,9.46,12,0,0,0,1
4053,9,37,36,7,0,29,11.48,13,0,0,1,1
3115,19,14,13,1,0,12,2.07,2,3,1,1,0
3173,25,6,5,4,0,1,6.81,15,2,0,1,0
4550,8,1,0,0,0,0,0.44,0,0,0,1,0
4747,8,26,25,4,2,19,10.99,17,4,2,1,1
4088,22,15,14,2,2,10,5.51,3,4,1,0,0
4251,12,16,15,7,0,8,4.71,2,4,0,1,1
4807,4,33,32,6,0,26,3.86,1,1,0,1,0
4263,24,40,39,6,1,32,9.03,19,4,2,1,0
3678,27,19,18,0,2,16,1.35,0,0,0,1,0
4456,13,38,37,5,3,29,6.57,7,1,0,1,1
3776,18,32,31,4,3,24,6.37,20,4,0,1,1
3961,22,4,3,1,2,0,1.67,3,0,0,1,1
4103,21,26,25,7,3,15,4.72,3,1,1,1,1
4999,15,15,14,3,3,8,10.83,0,5,1,0,1
5062,19,43,42,2,2,38,5.14,14,0,0,1,1
3249,26,9,8,3,3,2,10.6,3,1,0,1,1
4447,27,15,14,7,0,7,2.94,15,5,3,1,1
4391,1,30,29,5,0,24,4.37,3,3,0,0,0
6290,18,13,12,7,3,2,7.31,9,3,0,1,1
5287,1,8,7,1,0,6,5.0,20,2,0,1,1
5592,2,11,10,6,1,3,11.66,10,1,1,0,1
